lang,variant,K,n,pct_sents_changed,token_change_pct
ben_Beng,a,0,997,0.0,0.0
ben_Beng,d,0,997,0.0,0.0
ben_Beng,a,250,997,0.6,-0.005
ben_Beng,a,500,997,0.6,-0.005
ben_Beng,a,1000,997,0.6,-0.005
ben_Beng,a,2000,997,0.7,-0.006
ben_Beng,a,4000,997,5.32,-0.041
ben_Beng,a,8000,997,5.42,-0.041
ben_Beng,a,16000,997,5.62,-0.043
ben_Beng,d,250,997,0.6,-0.005
ben_Beng,d,500,997,0.6,-0.005
ben_Beng,d,1000,997,0.6,-0.005
ben_Beng,d,2000,997,0.6,-0.005
ben_Beng,d,4000,997,0.7,-0.006
ben_Beng,d,8000,997,5.32,-0.041
ben_Beng,d,16000,997,5.42,-0.041
tam_Taml,a,0,997,0.0,0.0
tam_Taml,d,0,997,0.0,0.0
tam_Taml,a,250,997,0.0,0.0
tam_Taml,a,500,997,0.0,0.0
tam_Taml,a,1000,997,0.0,0.0
tam_Taml,a,2000,997,0.0,0.0
tam_Taml,a,4000,997,0.0,0.0
tam_Taml,a,8000,997,0.0,0.0
tam_Taml,a,16000,997,0.0,0.0
tam_Taml,d,250,997,0.0,0.0
tam_Taml,d,500,997,0.0,0.0
tam_Taml,d,1000,997,0.0,0.0
tam_Taml,d,2000,997,0.0,0.0
tam_Taml,d,4000,997,0.0,0.0
tam_Taml,d,8000,997,0.0,0.0
tam_Taml,d,16000,997,0.0,0.0
urd_Arab,a,0,997,0.0,0.0
urd_Arab,d,0,997,0.0,0.0
urd_Arab,a,250,997,0.0,0.0
urd_Arab,a,500,997,0.0,0.0
urd_Arab,a,1000,997,0.0,0.0
urd_Arab,a,2000,997,0.0,0.0
urd_Arab,a,4000,997,0.0,0.0
urd_Arab,a,8000,997,0.0,0.0
urd_Arab,a,16000,997,0.0,0.0
urd_Arab,d,250,997,0.0,0.0
urd_Arab,d,500,997,0.0,0.0
urd_Arab,d,1000,997,0.0,0.0
urd_Arab,d,2000,997,0.0,0.0
urd_Arab,d,4000,997,0.0,0.0
urd_Arab,d,8000,997,0.0,0.0
urd_Arab,d,16000,997,0.0,0.0
tha_Thai,a,0,997,0.0,0.0
tha_Thai,d,0,997,0.0,0.0
tha_Thai,a,250,997,0.0,0.0
tha_Thai,a,500,997,0.0,0.0
tha_Thai,a,1000,997,0.0,0.0
tha_Thai,a,2000,997,0.0,0.0
tha_Thai,a,4000,997,0.0,0.0
tha_Thai,a,8000,997,0.0,0.0
tha_Thai,a,16000,997,0.0,0.0
tha_Thai,d,250,997,0.0,0.0
tha_Thai,d,500,997,0.0,0.0
tha_Thai,d,1000,997,0.0,0.0
tha_Thai,d,2000,997,0.0,0.0
tha_Thai,d,4000,997,0.0,0.0
tha_Thai,d,8000,997,0.0,0.0
tha_Thai,d,16000,997,0.0,0.0
jpn_Jpan,a,0,997,0.0,0.0
jpn_Jpan,d,0,997,0.0,0.0
jpn_Jpan,a,250,997,0.0,0.0
jpn_Jpan,a,500,997,0.0,0.0
jpn_Jpan,a,1000,997,0.0,0.0
jpn_Jpan,a,2000,997,0.0,0.0
jpn_Jpan,a,4000,997,0.0,0.0
jpn_Jpan,a,8000,997,0.0,0.0
jpn_Jpan,a,16000,997,0.0,0.0
jpn_Jpan,d,250,997,0.0,0.0
jpn_Jpan,d,500,997,0.0,0.0
jpn_Jpan,d,1000,997,0.0,0.0
jpn_Jpan,d,2000,997,0.0,0.0
jpn_Jpan,d,4000,997,0.0,0.0
jpn_Jpan,d,8000,997,0.0,0.0
jpn_Jpan,d,16000,997,0.0,0.0
arb_Arab,a,0,997,0.0,0.0
arb_Arab,d,0,997,0.0,0.0
arb_Arab,a,250,997,0.0,0.0
arb_Arab,a,500,997,0.0,0.0
arb_Arab,a,1000,997,0.0,0.0
arb_Arab,a,2000,997,0.0,0.0
arb_Arab,a,4000,997,0.0,0.0
arb_Arab,a,8000,997,0.0,0.0
arb_Arab,a,16000,997,0.0,0.0
arb_Arab,d,250,997,0.0,0.0
arb_Arab,d,500,997,0.0,0.0
arb_Arab,d,1000,997,0.0,0.0
arb_Arab,d,2000,997,0.0,0.0
arb_Arab,d,4000,997,0.0,0.0
arb_Arab,d,8000,997,0.0,0.0
arb_Arab,d,16000,997,0.0,0.0
fra_Latn,a,0,997,0.0,0.0
fra_Latn,d,0,997,0.0,0.0
fra_Latn,a,250,997,0.0,0.0
fra_Latn,a,500,997,0.0,0.0
fra_Latn,a,1000,997,0.0,0.0
fra_Latn,a,2000,997,0.0,0.0
fra_Latn,a,4000,997,0.0,0.0
fra_Latn,a,8000,997,0.0,0.0
fra_Latn,a,16000,997,0.1,-0.002
fra_Latn,d,250,997,0.0,0.0
fra_Latn,d,500,997,0.0,0.0
fra_Latn,d,1000,997,0.0,0.0
fra_Latn,d,2000,997,0.0,0.0
fra_Latn,d,4000,997,0.0,0.0
fra_Latn,d,8000,997,0.0,0.0
fra_Latn,d,16000,997,0.0,0.0
spa_Latn,a,0,997,0.0,0.0
spa_Latn,d,0,997,0.0,0.0
spa_Latn,a,250,997,0.0,0.0
spa_Latn,a,500,997,0.0,0.0
spa_Latn,a,1000,997,0.0,0.0
spa_Latn,a,2000,997,0.0,0.0
spa_Latn,a,4000,997,0.1,-0.003
spa_Latn,a,8000,997,0.1,-0.005
spa_Latn,a,16000,997,0.7,-0.02
spa_Latn,d,250,997,0.0,0.0
spa_Latn,d,500,997,0.0,0.0
spa_Latn,d,1000,997,0.0,0.0
spa_Latn,d,2000,997,0.0,0.0
spa_Latn,d,4000,997,0.0,0.0
spa_Latn,d,8000,997,0.0,0.0
spa_Latn,d,16000,997,0.1,-0.003
eng_Latn,a,0,997,0.0,0.0
eng_Latn,d,0,997,0.0,0.0
eng_Latn,a,250,997,0.0,0.0
eng_Latn,a,500,997,0.0,0.0
eng_Latn,a,1000,997,0.0,0.0
eng_Latn,a,2000,997,0.0,0.0
eng_Latn,a,4000,997,0.0,0.0
eng_Latn,a,8000,997,0.0,0.0
eng_Latn,a,16000,997,0.1,-0.004
eng_Latn,d,250,997,0.0,0.0
eng_Latn,d,500,997,0.0,0.0
eng_Latn,d,1000,997,0.0,0.0
eng_Latn,d,2000,997,0.0,0.0
eng_Latn,d,4000,997,0.0,0.0
eng_Latn,d,8000,997,0.0,0.0
eng_Latn,d,16000,997,0.0,0.0
hin_Deva,a,0,997,0.0,0.0
hin_Deva,d,0,997,21.66,-0.02
hin_Deva,a,250,997,100.0,-30.739
hin_Deva,a,500,997,100.0,-37.56
hin_Deva,a,1000,997,100.0,-41.504
hin_Deva,a,2000,997,100.0,-44.096
hin_Deva,a,4000,997,100.0,-45.378
hin_Deva,a,8000,997,100.0,-46.132
hin_Deva,a,16000,997,100.0,-46.409
hin_Deva,d,250,997,100.0,-35.16
hin_Deva,d,500,997,100.0,-41.981
hin_Deva,d,1000,997,100.0,-49.576
hin_Deva,d,2000,997,100.0,-54.936
hin_Deva,d,4000,997,100.0,-60.434
hin_Deva,d,8000,997,100.0,-64.874
hin_Deva,d,16000,997,100.0,-68.329
