tokenizer,variant,K,test_set,fertility,ci_lo,ci_hi,pct_tokens_end_inside_cluster
Qwen/Qwen2.5-7B,orig,0,Bhojpuri (BHTB),4.0721,4.0257,4.1162,53.83
Qwen/Qwen2.5-7B,orig,0,Magahi (MGTB),3.8378,3.8061,3.8668,49.53
Qwen/Qwen2.5-7B,orig,0,Hindi (HDTB),4.4207,4.4011,4.4414,57.78
Qwen/Qwen2.5-7B,orig,0,Maithili (web),5.0993,5.0565,5.1418,56.1
Qwen/Qwen2.5-7B,orig,0,Angika (MT),4.7893,4.7654,4.814,62.03
Qwen/Qwen2.5-7B,orig,0,FLORES bho,4.6369,4.6064,4.6674,55.98
Qwen/Qwen2.5-7B,orig,0,FLORES mag,4.6214,4.5875,4.6537,54.71
Qwen/Qwen2.5-7B,orig,0,FLORES mai,4.9222,4.8895,4.9544,55.32
Qwen/Qwen2.5-7B,orig,0,FLORES hin,4.7557,4.7245,4.7874,59.11
Qwen/Qwen2.5-7B,orig,0,FLORES eng,1.2612,1.2496,1.2717,
Qwen/Qwen2.5-7B,orig,0,English (2k),1.3127,1.3026,1.3229,
Qwen/Qwen2.5-7B,scoped,0,Bhojpuri (BHTB),4.0721,4.0257,4.1162,53.87
Qwen/Qwen2.5-7B,scoped,0,Magahi (MGTB),3.8378,3.8061,3.8668,49.57
Qwen/Qwen2.5-7B,scoped,0,Hindi (HDTB),4.4207,4.4011,4.4414,57.84
Qwen/Qwen2.5-7B,scoped,0,Maithili (web),5.0993,5.0565,5.1418,56.13
Qwen/Qwen2.5-7B,scoped,0,Angika (MT),4.789,4.765,4.814,62.1
Qwen/Qwen2.5-7B,scoped,0,FLORES bho,4.6365,4.606,4.6672,56.09
Qwen/Qwen2.5-7B,scoped,0,FLORES mag,4.6213,4.5874,4.6537,54.77
Qwen/Qwen2.5-7B,scoped,0,FLORES mai,4.9222,4.8895,4.9543,55.37
Qwen/Qwen2.5-7B,scoped,0,FLORES hin,4.7544,4.7234,4.7858,59.33
Qwen/Qwen2.5-7B,scoped,0,FLORES eng,1.2612,1.2496,1.2717,
Qwen/Qwen2.5-7B,scoped,0,English (2k),1.3127,1.3026,1.3229,
Qwen/Qwen2.5-7B,scoped,1000,Bhojpuri (BHTB),1.8662,1.8366,1.8936,26.84
Qwen/Qwen2.5-7B,scoped,1000,Magahi (MGTB),1.8403,1.8225,1.8584,21.37
Qwen/Qwen2.5-7B,scoped,1000,Hindi (HDTB),2.1625,2.1506,2.1759,30.97
Qwen/Qwen2.5-7B,scoped,1000,Maithili (web),2.4305,2.4029,2.4585,29.71
Qwen/Qwen2.5-7B,scoped,1000,Angika (MT),2.4835,2.4688,2.4993,42.22
Qwen/Qwen2.5-7B,scoped,1000,FLORES bho,2.2336,2.2139,2.254,29.07
Qwen/Qwen2.5-7B,scoped,1000,FLORES mag,2.35,2.3297,2.369,28.32
Qwen/Qwen2.5-7B,scoped,1000,FLORES mai,2.297,2.2748,2.3181,29.27
Qwen/Qwen2.5-7B,scoped,1000,FLORES hin,2.3966,2.3778,2.4156,33.53
Qwen/Qwen2.5-7B,scoped,1000,FLORES eng,1.2612,1.2496,1.2717,
Qwen/Qwen2.5-7B,scoped,1000,English (2k),1.3127,1.3026,1.3229,
Qwen/Qwen2.5-7B,scoped,8000,Bhojpuri (BHTB),1.2986,1.2816,1.3163,12.24
Qwen/Qwen2.5-7B,scoped,8000,Magahi (MGTB),1.3299,1.3172,1.3421,10.27
Qwen/Qwen2.5-7B,scoped,8000,Hindi (HDTB),1.4522,1.4429,1.462,16.53
Qwen/Qwen2.5-7B,scoped,8000,Maithili (web),1.6521,1.6326,1.6721,16.69
Qwen/Qwen2.5-7B,scoped,8000,Angika (MT),1.7654,1.7532,1.7775,31.61
Qwen/Qwen2.5-7B,scoped,8000,FLORES bho,1.5719,1.5567,1.5883,17.26
Qwen/Qwen2.5-7B,scoped,8000,FLORES mag,1.6305,1.6144,1.6469,16.99
Qwen/Qwen2.5-7B,scoped,8000,FLORES mai,1.5845,1.5673,1.5995,16.88
Qwen/Qwen2.5-7B,scoped,8000,FLORES hin,1.6684,1.6526,1.6838,20.93
Qwen/Qwen2.5-7B,scoped,8000,FLORES eng,1.2612,1.2496,1.2717,
Qwen/Qwen2.5-7B,scoped,8000,English (2k),1.3127,1.3026,1.3229,
Qwen/Qwen2.5-7B,orig_cbpe,1000,Bhojpuri (BHTB),2.3392,2.3093,2.3673,50.06
Qwen/Qwen2.5-7B,orig_cbpe,1000,Magahi (MGTB),2.1972,2.1787,2.2149,43.62
Qwen/Qwen2.5-7B,orig_cbpe,1000,Hindi (HDTB),2.6192,2.608,2.6314,52.43
Qwen/Qwen2.5-7B,orig_cbpe,1000,Maithili (web),2.8251,2.7987,2.8505,51.39
Qwen/Qwen2.5-7B,orig_cbpe,1000,Angika (MT),2.7675,2.7552,2.7814,57.02
Qwen/Qwen2.5-7B,orig_cbpe,1000,FLORES bho,2.6472,2.6296,2.6656,51.4
Qwen/Qwen2.5-7B,orig_cbpe,1000,FLORES mag,2.7659,2.7461,2.7864,48.82
Qwen/Qwen2.5-7B,orig_cbpe,1000,FLORES mai,2.6777,2.6569,2.6972,51.17
Qwen/Qwen2.5-7B,orig_cbpe,1000,FLORES hin,2.7903,2.7722,2.8079,53.16
Qwen/Qwen2.5-7B,orig_cbpe,1000,FLORES eng,1.2612,1.2496,1.2717,
Qwen/Qwen2.5-7B,orig_cbpe,1000,English (2k),1.3127,1.3026,1.3229,
Qwen/Qwen2.5-7B,orig_cbpe,8000,Bhojpuri (BHTB),2.1781,2.1511,2.202,53.7
Qwen/Qwen2.5-7B,orig_cbpe,8000,Magahi (MGTB),2.0132,1.9941,2.0292,47.55
Qwen/Qwen2.5-7B,orig_cbpe,8000,Hindi (HDTB),2.4442,2.4331,2.4549,56.12
Qwen/Qwen2.5-7B,orig_cbpe,8000,Maithili (web),2.5745,2.5518,2.596,56.04
Qwen/Qwen2.5-7B,orig_cbpe,8000,Angika (MT),2.607,2.5957,2.6192,60.6
Qwen/Qwen2.5-7B,orig_cbpe,8000,FLORES bho,2.4538,2.4372,2.4709,55.36
Qwen/Qwen2.5-7B,orig_cbpe,8000,FLORES mag,2.4992,2.4818,2.5181,54.02
Qwen/Qwen2.5-7B,orig_cbpe,8000,FLORES mai,2.4736,2.4554,2.4904,55.33
Qwen/Qwen2.5-7B,orig_cbpe,8000,FLORES hin,2.5605,2.5437,2.5777,57.22
Qwen/Qwen2.5-7B,orig_cbpe,8000,FLORES eng,1.2612,1.2496,1.2717,
Qwen/Qwen2.5-7B,orig_cbpe,8000,English (2k),1.3127,1.3026,1.3229,
Qwen/Qwen3-1.7B,orig,0,Bhojpuri (BHTB),4.0721,4.0257,4.1162,53.83
Qwen/Qwen3-1.7B,orig,0,Magahi (MGTB),3.8378,3.8061,3.8668,49.53
Qwen/Qwen3-1.7B,orig,0,Hindi (HDTB),4.4207,4.4011,4.4414,57.78
Qwen/Qwen3-1.7B,orig,0,Maithili (web),5.0993,5.0565,5.1418,56.1
Qwen/Qwen3-1.7B,orig,0,Angika (MT),4.7893,4.7654,4.814,62.03
Qwen/Qwen3-1.7B,orig,0,FLORES bho,4.6369,4.6064,4.6674,55.98
Qwen/Qwen3-1.7B,orig,0,FLORES mag,4.6214,4.5875,4.6537,54.71
Qwen/Qwen3-1.7B,orig,0,FLORES mai,4.9222,4.8895,4.9544,55.32
Qwen/Qwen3-1.7B,orig,0,FLORES hin,4.7557,4.7245,4.7874,59.11
Qwen/Qwen3-1.7B,orig,0,FLORES eng,1.2612,1.2496,1.2717,
Qwen/Qwen3-1.7B,orig,0,English (2k),1.3127,1.3026,1.3229,
Qwen/Qwen3-1.7B,scoped,0,Bhojpuri (BHTB),4.0721,4.0257,4.1162,53.87
Qwen/Qwen3-1.7B,scoped,0,Magahi (MGTB),3.8378,3.8061,3.8668,49.57
Qwen/Qwen3-1.7B,scoped,0,Hindi (HDTB),4.4207,4.4011,4.4414,57.84
Qwen/Qwen3-1.7B,scoped,0,Maithili (web),5.0993,5.0565,5.1418,56.13
Qwen/Qwen3-1.7B,scoped,0,Angika (MT),4.789,4.765,4.814,62.1
Qwen/Qwen3-1.7B,scoped,0,FLORES bho,4.6365,4.606,4.6672,56.09
Qwen/Qwen3-1.7B,scoped,0,FLORES mag,4.6213,4.5874,4.6537,54.77
Qwen/Qwen3-1.7B,scoped,0,FLORES mai,4.9222,4.8895,4.9543,55.37
Qwen/Qwen3-1.7B,scoped,0,FLORES hin,4.7544,4.7234,4.7858,59.33
Qwen/Qwen3-1.7B,scoped,0,FLORES eng,1.2612,1.2496,1.2717,
Qwen/Qwen3-1.7B,scoped,0,English (2k),1.3127,1.3026,1.3229,
Qwen/Qwen3-1.7B,scoped,1000,Bhojpuri (BHTB),1.8662,1.8366,1.8936,26.84
Qwen/Qwen3-1.7B,scoped,1000,Magahi (MGTB),1.8403,1.8225,1.8584,21.37
Qwen/Qwen3-1.7B,scoped,1000,Hindi (HDTB),2.1625,2.1506,2.1759,30.97
Qwen/Qwen3-1.7B,scoped,1000,Maithili (web),2.4305,2.4029,2.4585,29.71
Qwen/Qwen3-1.7B,scoped,1000,Angika (MT),2.4835,2.4688,2.4993,42.22
Qwen/Qwen3-1.7B,scoped,1000,FLORES bho,2.2336,2.2139,2.254,29.07
Qwen/Qwen3-1.7B,scoped,1000,FLORES mag,2.35,2.3297,2.369,28.32
Qwen/Qwen3-1.7B,scoped,1000,FLORES mai,2.297,2.2748,2.3181,29.27
Qwen/Qwen3-1.7B,scoped,1000,FLORES hin,2.3966,2.3778,2.4156,33.53
Qwen/Qwen3-1.7B,scoped,1000,FLORES eng,1.2612,1.2496,1.2717,
Qwen/Qwen3-1.7B,scoped,1000,English (2k),1.3127,1.3026,1.3229,
Qwen/Qwen3-1.7B,scoped,8000,Bhojpuri (BHTB),1.2986,1.2816,1.3163,12.24
Qwen/Qwen3-1.7B,scoped,8000,Magahi (MGTB),1.3299,1.3172,1.3421,10.27
Qwen/Qwen3-1.7B,scoped,8000,Hindi (HDTB),1.4522,1.4429,1.462,16.53
Qwen/Qwen3-1.7B,scoped,8000,Maithili (web),1.6521,1.6326,1.6721,16.69
Qwen/Qwen3-1.7B,scoped,8000,Angika (MT),1.7654,1.7532,1.7775,31.61
Qwen/Qwen3-1.7B,scoped,8000,FLORES bho,1.5719,1.5567,1.5883,17.26
Qwen/Qwen3-1.7B,scoped,8000,FLORES mag,1.6305,1.6144,1.6469,16.99
Qwen/Qwen3-1.7B,scoped,8000,FLORES mai,1.5845,1.5673,1.5995,16.88
Qwen/Qwen3-1.7B,scoped,8000,FLORES hin,1.6684,1.6526,1.6838,20.93
Qwen/Qwen3-1.7B,scoped,8000,FLORES eng,1.2612,1.2496,1.2717,
Qwen/Qwen3-1.7B,scoped,8000,English (2k),1.3127,1.3026,1.3229,
Qwen/Qwen3-1.7B,orig_cbpe,1000,Bhojpuri (BHTB),2.3392,2.3093,2.3673,50.06
Qwen/Qwen3-1.7B,orig_cbpe,1000,Magahi (MGTB),2.1972,2.1787,2.2149,43.62
Qwen/Qwen3-1.7B,orig_cbpe,1000,Hindi (HDTB),2.6192,2.608,2.6314,52.43
Qwen/Qwen3-1.7B,orig_cbpe,1000,Maithili (web),2.8251,2.7987,2.8505,51.39
Qwen/Qwen3-1.7B,orig_cbpe,1000,Angika (MT),2.7675,2.7552,2.7814,57.02
Qwen/Qwen3-1.7B,orig_cbpe,1000,FLORES bho,2.6472,2.6296,2.6656,51.4
Qwen/Qwen3-1.7B,orig_cbpe,1000,FLORES mag,2.7659,2.7461,2.7864,48.82
Qwen/Qwen3-1.7B,orig_cbpe,1000,FLORES mai,2.6777,2.6569,2.6972,51.17
Qwen/Qwen3-1.7B,orig_cbpe,1000,FLORES hin,2.7903,2.7722,2.8079,53.16
Qwen/Qwen3-1.7B,orig_cbpe,1000,FLORES eng,1.2612,1.2496,1.2717,
Qwen/Qwen3-1.7B,orig_cbpe,1000,English (2k),1.3127,1.3026,1.3229,
Qwen/Qwen3-1.7B,orig_cbpe,8000,Bhojpuri (BHTB),2.1781,2.1511,2.202,53.7
Qwen/Qwen3-1.7B,orig_cbpe,8000,Magahi (MGTB),2.0132,1.9941,2.0292,47.55
Qwen/Qwen3-1.7B,orig_cbpe,8000,Hindi (HDTB),2.4442,2.4331,2.4549,56.12
Qwen/Qwen3-1.7B,orig_cbpe,8000,Maithili (web),2.5745,2.5518,2.596,56.04
Qwen/Qwen3-1.7B,orig_cbpe,8000,Angika (MT),2.607,2.5957,2.6192,60.6
Qwen/Qwen3-1.7B,orig_cbpe,8000,FLORES bho,2.4538,2.4372,2.4709,55.36
Qwen/Qwen3-1.7B,orig_cbpe,8000,FLORES mag,2.4992,2.4818,2.5181,54.02
Qwen/Qwen3-1.7B,orig_cbpe,8000,FLORES mai,2.4736,2.4554,2.4904,55.33
Qwen/Qwen3-1.7B,orig_cbpe,8000,FLORES hin,2.5605,2.5437,2.5777,57.22
Qwen/Qwen3-1.7B,orig_cbpe,8000,FLORES eng,1.2612,1.2496,1.2717,
Qwen/Qwen3-1.7B,orig_cbpe,8000,English (2k),1.3127,1.3026,1.3229,
meta-llama/Llama-3.1-8B,orig,0,Bhojpuri (BHTB),2.5026,2.4735,2.5299,47.06
meta-llama/Llama-3.1-8B,orig,0,Magahi (MGTB),2.4102,2.3904,2.4284,40.84
meta-llama/Llama-3.1-8B,orig,0,Hindi (HDTB),2.5557,2.5445,2.5675,53.68
meta-llama/Llama-3.1-8B,orig,0,Maithili (web),3.0112,2.9869,3.0353,48.9
meta-llama/Llama-3.1-8B,orig,0,Angika (MT),2.8037,2.7909,2.8171,56.9
meta-llama/Llama-3.1-8B,orig,0,FLORES bho,2.7484,2.7318,2.7665,49.07
meta-llama/Llama-3.1-8B,orig,0,FLORES mag,2.7771,2.7583,2.7964,48.34
meta-llama/Llama-3.1-8B,orig,0,FLORES mai,2.8578,2.8388,2.876,47.64
meta-llama/Llama-3.1-8B,orig,0,FLORES hin,2.6715,2.6542,2.69,54.62
meta-llama/Llama-3.1-8B,orig,0,FLORES eng,1.2406,1.2311,1.2497,
meta-llama/Llama-3.1-8B,orig,0,English (2k),1.2906,1.2818,1.2997,
meta-llama/Llama-3.1-8B,scoped,0,Bhojpuri (BHTB),2.503,2.4739,2.53,47.13
meta-llama/Llama-3.1-8B,scoped,0,Magahi (MGTB),2.4104,2.3907,2.4287,40.91
meta-llama/Llama-3.1-8B,scoped,0,Hindi (HDTB),2.5636,2.552,2.5759,53.86
meta-llama/Llama-3.1-8B,scoped,0,Maithili (web),3.0326,3.0067,3.0575,48.93
meta-llama/Llama-3.1-8B,scoped,0,Angika (MT),2.8028,2.7901,2.8162,57.11
meta-llama/Llama-3.1-8B,scoped,0,FLORES bho,2.7988,2.7813,2.8165,49.1
meta-llama/Llama-3.1-8B,scoped,0,FLORES mag,2.7926,2.774,2.8119,48.38
meta-llama/Llama-3.1-8B,scoped,0,FLORES mai,2.8755,2.8559,2.8938,47.77
meta-llama/Llama-3.1-8B,scoped,0,FLORES hin,2.7354,2.7172,2.7538,54.78
meta-llama/Llama-3.1-8B,scoped,0,FLORES eng,1.2406,1.2311,1.2497,
meta-llama/Llama-3.1-8B,scoped,0,English (2k),1.2906,1.2818,1.2997,
meta-llama/Llama-3.1-8B,scoped,1000,Bhojpuri (BHTB),1.6982,1.6733,1.7228,30.21
meta-llama/Llama-3.1-8B,scoped,1000,Magahi (MGTB),1.7162,1.7005,1.7323,25.36
meta-llama/Llama-3.1-8B,scoped,1000,Hindi (HDTB),1.9385,1.9284,1.9504,39.74
meta-llama/Llama-3.1-8B,scoped,1000,Maithili (web),2.2088,2.1839,2.2331,36.06
meta-llama/Llama-3.1-8B,scoped,1000,Angika (MT),2.2665,2.2531,2.2794,49.28
meta-llama/Llama-3.1-8B,scoped,1000,FLORES bho,2.0023,1.9856,2.0203,34.98
meta-llama/Llama-3.1-8B,scoped,1000,FLORES mag,2.1148,2.0958,2.133,34.62
meta-llama/Llama-3.1-8B,scoped,1000,FLORES mai,2.0491,2.0296,2.0672,35.43
meta-llama/Llama-3.1-8B,scoped,1000,FLORES hin,2.1584,2.1414,2.1745,42.89
meta-llama/Llama-3.1-8B,scoped,1000,FLORES eng,1.2406,1.2311,1.2497,
meta-llama/Llama-3.1-8B,scoped,1000,English (2k),1.2906,1.2818,1.2997,
meta-llama/Llama-3.1-8B,scoped,8000,Bhojpuri (BHTB),1.2796,1.2635,1.2968,14.43
meta-llama/Llama-3.1-8B,scoped,8000,Magahi (MGTB),1.3245,1.3116,1.336,12.95
meta-llama/Llama-3.1-8B,scoped,8000,Hindi (HDTB),1.4176,1.4084,1.4267,21.72
meta-llama/Llama-3.1-8B,scoped,8000,Maithili (web),1.6315,1.6123,1.6502,20.91
meta-llama/Llama-3.1-8B,scoped,8000,Angika (MT),1.7436,1.7323,1.7548,37.16
meta-llama/Llama-3.1-8B,scoped,8000,FLORES bho,1.5463,1.5322,1.5617,20.94
meta-llama/Llama-3.1-8B,scoped,8000,FLORES mag,1.6071,1.5916,1.6219,20.46
meta-llama/Llama-3.1-8B,scoped,8000,FLORES mai,1.5531,1.5375,1.5674,20.68
meta-llama/Llama-3.1-8B,scoped,8000,FLORES hin,1.6287,1.6134,1.643,26.86
meta-llama/Llama-3.1-8B,scoped,8000,FLORES eng,1.2406,1.2311,1.2497,
meta-llama/Llama-3.1-8B,scoped,8000,English (2k),1.2906,1.2818,1.2997,
meta-llama/Llama-3.1-8B,orig_cbpe,1000,Bhojpuri (BHTB),2.2577,2.2285,2.284,51.8
meta-llama/Llama-3.1-8B,orig_cbpe,1000,Magahi (MGTB),2.1127,2.0931,2.131,45.3
meta-llama/Llama-3.1-8B,orig_cbpe,1000,Hindi (HDTB),2.4963,2.4855,2.5079,54.84
meta-llama/Llama-3.1-8B,orig_cbpe,1000,Maithili (web),2.6933,2.6688,2.7162,53.61
meta-llama/Llama-3.1-8B,orig_cbpe,1000,Angika (MT),2.6649,2.6524,2.6774,58.86
meta-llama/Llama-3.1-8B,orig_cbpe,1000,FLORES bho,2.5294,2.513,2.5473,53.22
meta-llama/Llama-3.1-8B,orig_cbpe,1000,FLORES mag,2.6424,2.6243,2.6614,50.69
meta-llama/Llama-3.1-8B,orig_cbpe,1000,FLORES mai,2.5548,2.5361,2.5729,53.18
meta-llama/Llama-3.1-8B,orig_cbpe,1000,FLORES hin,2.6167,2.5999,2.6341,55.62
meta-llama/Llama-3.1-8B,orig_cbpe,1000,FLORES eng,1.2406,1.2311,1.2497,
meta-llama/Llama-3.1-8B,orig_cbpe,1000,English (2k),1.2906,1.2818,1.2997,
meta-llama/Llama-3.1-8B,orig_cbpe,8000,Bhojpuri (BHTB),2.1736,2.1465,2.1975,53.77
meta-llama/Llama-3.1-8B,orig_cbpe,8000,Magahi (MGTB),2.0099,1.9914,2.0259,47.63
meta-llama/Llama-3.1-8B,orig_cbpe,8000,Hindi (HDTB),2.4285,2.418,2.4393,56.32
meta-llama/Llama-3.1-8B,orig_cbpe,8000,Maithili (web),2.5581,2.5365,2.5792,56.28
meta-llama/Llama-3.1-8B,orig_cbpe,8000,Angika (MT),2.5882,2.5769,2.6001,60.63
meta-llama/Llama-3.1-8B,orig_cbpe,8000,FLORES bho,2.4349,2.4182,2.4519,55.24
meta-llama/Llama-3.1-8B,orig_cbpe,8000,FLORES mag,2.4792,2.4625,2.4968,54.04
meta-llama/Llama-3.1-8B,orig_cbpe,8000,FLORES mai,2.4543,2.437,2.4707,55.3
meta-llama/Llama-3.1-8B,orig_cbpe,8000,FLORES hin,2.5405,2.5244,2.5572,57.22
meta-llama/Llama-3.1-8B,orig_cbpe,8000,FLORES eng,1.2406,1.2311,1.2497,
meta-llama/Llama-3.1-8B,orig_cbpe,8000,English (2k),1.2906,1.2818,1.2997,
meta-llama/Llama-3.2-1B,orig,0,Bhojpuri (BHTB),2.5026,2.4735,2.5299,47.06
meta-llama/Llama-3.2-1B,orig,0,Magahi (MGTB),2.4102,2.3904,2.4284,40.84
meta-llama/Llama-3.2-1B,orig,0,Hindi (HDTB),2.5557,2.5445,2.5675,53.68
meta-llama/Llama-3.2-1B,orig,0,Maithili (web),3.0112,2.9869,3.0353,48.9
meta-llama/Llama-3.2-1B,orig,0,Angika (MT),2.8037,2.7909,2.8171,56.9
meta-llama/Llama-3.2-1B,orig,0,FLORES bho,2.7484,2.7318,2.7665,49.07
meta-llama/Llama-3.2-1B,orig,0,FLORES mag,2.7771,2.7583,2.7964,48.34
meta-llama/Llama-3.2-1B,orig,0,FLORES mai,2.8578,2.8388,2.876,47.64
meta-llama/Llama-3.2-1B,orig,0,FLORES hin,2.6715,2.6542,2.69,54.62
meta-llama/Llama-3.2-1B,orig,0,FLORES eng,1.2406,1.2311,1.2497,
meta-llama/Llama-3.2-1B,orig,0,English (2k),1.2906,1.2818,1.2997,
meta-llama/Llama-3.2-1B,scoped,0,Bhojpuri (BHTB),2.503,2.4739,2.53,47.13
meta-llama/Llama-3.2-1B,scoped,0,Magahi (MGTB),2.4104,2.3907,2.4287,40.91
meta-llama/Llama-3.2-1B,scoped,0,Hindi (HDTB),2.5636,2.552,2.5759,53.86
meta-llama/Llama-3.2-1B,scoped,0,Maithili (web),3.0326,3.0067,3.0575,48.93
meta-llama/Llama-3.2-1B,scoped,0,Angika (MT),2.8028,2.7901,2.8162,57.11
meta-llama/Llama-3.2-1B,scoped,0,FLORES bho,2.7988,2.7813,2.8165,49.1
meta-llama/Llama-3.2-1B,scoped,0,FLORES mag,2.7926,2.774,2.8119,48.38
meta-llama/Llama-3.2-1B,scoped,0,FLORES mai,2.8755,2.8559,2.8938,47.77
meta-llama/Llama-3.2-1B,scoped,0,FLORES hin,2.7354,2.7172,2.7538,54.78
meta-llama/Llama-3.2-1B,scoped,0,FLORES eng,1.2406,1.2311,1.2497,
meta-llama/Llama-3.2-1B,scoped,0,English (2k),1.2906,1.2818,1.2997,
meta-llama/Llama-3.2-1B,scoped,1000,Bhojpuri (BHTB),1.6982,1.6733,1.7228,30.21
meta-llama/Llama-3.2-1B,scoped,1000,Magahi (MGTB),1.7162,1.7005,1.7323,25.36
meta-llama/Llama-3.2-1B,scoped,1000,Hindi (HDTB),1.9385,1.9284,1.9504,39.74
meta-llama/Llama-3.2-1B,scoped,1000,Maithili (web),2.2088,2.1839,2.2331,36.06
meta-llama/Llama-3.2-1B,scoped,1000,Angika (MT),2.2665,2.2531,2.2794,49.28
meta-llama/Llama-3.2-1B,scoped,1000,FLORES bho,2.0023,1.9856,2.0203,34.98
meta-llama/Llama-3.2-1B,scoped,1000,FLORES mag,2.1148,2.0958,2.133,34.62
meta-llama/Llama-3.2-1B,scoped,1000,FLORES mai,2.0491,2.0296,2.0672,35.43
meta-llama/Llama-3.2-1B,scoped,1000,FLORES hin,2.1584,2.1414,2.1745,42.89
meta-llama/Llama-3.2-1B,scoped,1000,FLORES eng,1.2406,1.2311,1.2497,
meta-llama/Llama-3.2-1B,scoped,1000,English (2k),1.2906,1.2818,1.2997,
meta-llama/Llama-3.2-1B,scoped,8000,Bhojpuri (BHTB),1.2796,1.2635,1.2968,14.43
meta-llama/Llama-3.2-1B,scoped,8000,Magahi (MGTB),1.3245,1.3116,1.336,12.95
meta-llama/Llama-3.2-1B,scoped,8000,Hindi (HDTB),1.4176,1.4084,1.4267,21.72
meta-llama/Llama-3.2-1B,scoped,8000,Maithili (web),1.6315,1.6123,1.6502,20.91
meta-llama/Llama-3.2-1B,scoped,8000,Angika (MT),1.7436,1.7323,1.7548,37.16
meta-llama/Llama-3.2-1B,scoped,8000,FLORES bho,1.5463,1.5322,1.5617,20.94
meta-llama/Llama-3.2-1B,scoped,8000,FLORES mag,1.6071,1.5916,1.6219,20.46
meta-llama/Llama-3.2-1B,scoped,8000,FLORES mai,1.5531,1.5375,1.5674,20.68
meta-llama/Llama-3.2-1B,scoped,8000,FLORES hin,1.6287,1.6134,1.643,26.86
meta-llama/Llama-3.2-1B,scoped,8000,FLORES eng,1.2406,1.2311,1.2497,
meta-llama/Llama-3.2-1B,scoped,8000,English (2k),1.2906,1.2818,1.2997,
meta-llama/Llama-3.2-1B,orig_cbpe,1000,Bhojpuri (BHTB),2.2577,2.2285,2.284,51.8
meta-llama/Llama-3.2-1B,orig_cbpe,1000,Magahi (MGTB),2.1127,2.0931,2.131,45.3
meta-llama/Llama-3.2-1B,orig_cbpe,1000,Hindi (HDTB),2.4963,2.4855,2.5079,54.84
meta-llama/Llama-3.2-1B,orig_cbpe,1000,Maithili (web),2.6933,2.6688,2.7162,53.61
meta-llama/Llama-3.2-1B,orig_cbpe,1000,Angika (MT),2.6649,2.6524,2.6774,58.86
meta-llama/Llama-3.2-1B,orig_cbpe,1000,FLORES bho,2.5294,2.513,2.5473,53.22
meta-llama/Llama-3.2-1B,orig_cbpe,1000,FLORES mag,2.6424,2.6243,2.6614,50.69
meta-llama/Llama-3.2-1B,orig_cbpe,1000,FLORES mai,2.5548,2.5361,2.5729,53.18
meta-llama/Llama-3.2-1B,orig_cbpe,1000,FLORES hin,2.6167,2.5999,2.6341,55.62
meta-llama/Llama-3.2-1B,orig_cbpe,1000,FLORES eng,1.2406,1.2311,1.2497,
meta-llama/Llama-3.2-1B,orig_cbpe,1000,English (2k),1.2906,1.2818,1.2997,
meta-llama/Llama-3.2-1B,orig_cbpe,8000,Bhojpuri (BHTB),2.1736,2.1465,2.1975,53.77
meta-llama/Llama-3.2-1B,orig_cbpe,8000,Magahi (MGTB),2.0099,1.9914,2.0259,47.63
meta-llama/Llama-3.2-1B,orig_cbpe,8000,Hindi (HDTB),2.4285,2.418,2.4393,56.32
meta-llama/Llama-3.2-1B,orig_cbpe,8000,Maithili (web),2.5581,2.5365,2.5792,56.28
meta-llama/Llama-3.2-1B,orig_cbpe,8000,Angika (MT),2.5882,2.5769,2.6001,60.63
meta-llama/Llama-3.2-1B,orig_cbpe,8000,FLORES bho,2.4349,2.4182,2.4519,55.24
meta-llama/Llama-3.2-1B,orig_cbpe,8000,FLORES mag,2.4792,2.4625,2.4968,54.04
meta-llama/Llama-3.2-1B,orig_cbpe,8000,FLORES mai,2.4543,2.437,2.4707,55.3
meta-llama/Llama-3.2-1B,orig_cbpe,8000,FLORES hin,2.5405,2.5244,2.5572,57.22
meta-llama/Llama-3.2-1B,orig_cbpe,8000,FLORES eng,1.2406,1.2311,1.2497,
meta-llama/Llama-3.2-1B,orig_cbpe,8000,English (2k),1.2906,1.2818,1.2997,
microsoft/phi-4,orig,0,Bhojpuri (BHTB),4.4408,4.3878,4.492,57.74
microsoft/phi-4,orig,0,Magahi (MGTB),4.2471,4.2113,4.2818,54.43
microsoft/phi-4,orig,0,Hindi (HDTB),4.7599,4.7381,4.7834,60.88
microsoft/phi-4,orig,0,Maithili (web),5.5474,5.5008,5.5918,59.75
microsoft/phi-4,orig,0,Angika (MT),5.0888,5.0621,5.1173,64.44
microsoft/phi-4,orig,0,FLORES bho,4.9666,4.9323,5.0005,59.12
microsoft/phi-4,orig,0,FLORES mag,5.0831,5.0464,5.1191,59.05
microsoft/phi-4,orig,0,FLORES mai,5.3856,5.3504,5.4198,59.37
microsoft/phi-4,orig,0,FLORES hin,5.0439,5.0092,5.078,61.64
microsoft/phi-4,orig,0,FLORES eng,1.2411,1.2316,1.2502,
microsoft/phi-4,orig,0,English (2k),1.2918,1.2829,1.301,
microsoft/phi-4,scoped,0,Bhojpuri (BHTB),4.4398,4.3869,4.4905,57.76
microsoft/phi-4,scoped,0,Magahi (MGTB),4.246,4.2105,4.2809,54.45
microsoft/phi-4,scoped,0,Hindi (HDTB),4.7583,4.7366,4.7817,60.92
microsoft/phi-4,scoped,0,Maithili (web),5.5465,5.4999,5.5909,59.77
microsoft/phi-4,scoped,0,Angika (MT),5.087,5.0604,5.1156,64.49
microsoft/phi-4,scoped,0,FLORES bho,4.9644,4.9303,4.9978,59.17
microsoft/phi-4,scoped,0,FLORES mag,5.0817,5.0451,5.1177,59.08
microsoft/phi-4,scoped,0,FLORES mai,5.3849,5.3496,5.4191,59.4
microsoft/phi-4,scoped,0,FLORES hin,5.0381,5.0032,5.0722,61.78
microsoft/phi-4,scoped,0,FLORES eng,1.2411,1.2316,1.2502,
microsoft/phi-4,scoped,0,English (2k),1.2918,1.2829,1.301,
microsoft/phi-4,scoped,1000,Bhojpuri (BHTB),1.8793,1.8486,1.9076,27.72
microsoft/phi-4,scoped,1000,Magahi (MGTB),1.8511,1.8334,1.8698,21.85
microsoft/phi-4,scoped,1000,Hindi (HDTB),2.1661,2.1543,2.1791,31.57
microsoft/phi-4,scoped,1000,Maithili (web),2.4469,2.4189,2.4747,30.66
microsoft/phi-4,scoped,1000,Angika (MT),2.503,2.488,2.5183,43.46
microsoft/phi-4,scoped,1000,FLORES bho,2.2429,2.2242,2.2632,29.91
microsoft/phi-4,scoped,1000,FLORES mag,2.35,2.3301,2.3689,29.02
microsoft/phi-4,scoped,1000,FLORES mai,2.3025,2.2802,2.3233,29.94
microsoft/phi-4,scoped,1000,FLORES hin,2.3961,2.3772,2.4145,34.14
microsoft/phi-4,scoped,1000,FLORES eng,1.2411,1.2316,1.2502,
microsoft/phi-4,scoped,1000,English (2k),1.2918,1.2829,1.301,
microsoft/phi-4,scoped,8000,Bhojpuri (BHTB),1.298,1.2815,1.3158,12.64
microsoft/phi-4,scoped,8000,Magahi (MGTB),1.333,1.3204,1.3454,10.69
microsoft/phi-4,scoped,8000,Hindi (HDTB),1.445,1.436,1.4542,16.9
microsoft/phi-4,scoped,8000,Maithili (web),1.6448,1.6256,1.6646,17.15
microsoft/phi-4,scoped,8000,Angika (MT),1.7511,1.74,1.7626,31.77
microsoft/phi-4,scoped,8000,FLORES bho,1.5786,1.564,1.5944,18.11
microsoft/phi-4,scoped,8000,FLORES mag,1.6218,1.6057,1.6374,17.37
microsoft/phi-4,scoped,8000,FLORES mai,1.5771,1.5614,1.5917,17.35
microsoft/phi-4,scoped,8000,FLORES hin,1.6638,1.6481,1.6784,21.41
microsoft/phi-4,scoped,8000,FLORES eng,1.2411,1.2316,1.2502,
microsoft/phi-4,scoped,8000,English (2k),1.2918,1.2829,1.301,
microsoft/phi-4,orig_cbpe,1000,Bhojpuri (BHTB),2.3444,2.315,2.371,49.97
microsoft/phi-4,orig_cbpe,1000,Magahi (MGTB),2.2002,2.1815,2.2176,43.59
microsoft/phi-4,orig_cbpe,1000,Hindi (HDTB),2.6187,2.6076,2.631,52.44
microsoft/phi-4,orig_cbpe,1000,Maithili (web),2.8269,2.8009,2.8523,51.36
microsoft/phi-4,orig_cbpe,1000,Angika (MT),2.757,2.7443,2.7709,56.97
microsoft/phi-4,orig_cbpe,1000,FLORES bho,2.6497,2.6322,2.6685,51.28
microsoft/phi-4,orig_cbpe,1000,FLORES mag,2.762,2.7426,2.7818,49.22
microsoft/phi-4,orig_cbpe,1000,FLORES mai,2.6756,2.655,2.6956,51.01
microsoft/phi-4,orig_cbpe,1000,FLORES hin,2.788,2.7698,2.8057,53.05
microsoft/phi-4,orig_cbpe,1000,FLORES eng,1.2411,1.2316,1.2502,
microsoft/phi-4,orig_cbpe,1000,English (2k),1.2918,1.2829,1.301,
microsoft/phi-4,orig_cbpe,8000,Bhojpuri (BHTB),2.1758,2.1483,2.1999,53.71
microsoft/phi-4,orig_cbpe,8000,Magahi (MGTB),2.0142,1.995,2.0304,47.53
microsoft/phi-4,orig_cbpe,8000,Hindi (HDTB),2.4311,2.4205,2.442,56.26
microsoft/phi-4,orig_cbpe,8000,Maithili (web),2.564,2.5423,2.5851,56.16
microsoft/phi-4,orig_cbpe,8000,Angika (MT),2.5907,2.5795,2.6026,60.59
microsoft/phi-4,orig_cbpe,8000,FLORES bho,2.4496,2.4335,2.4668,55.25
microsoft/phi-4,orig_cbpe,8000,FLORES mag,2.4856,2.4689,2.5042,53.98
microsoft/phi-4,orig_cbpe,8000,FLORES mai,2.4615,2.4443,2.4782,55.27
microsoft/phi-4,orig_cbpe,8000,FLORES hin,2.5506,2.5347,2.5669,57.17
microsoft/phi-4,orig_cbpe,8000,FLORES eng,1.2411,1.2316,1.2502,
microsoft/phi-4,orig_cbpe,8000,English (2k),1.2918,1.2829,1.301,
allenai/Olmo-3-1025-7B,orig,0,Bhojpuri (BHTB),4.4408,4.3878,4.492,57.74
allenai/Olmo-3-1025-7B,orig,0,Magahi (MGTB),4.2471,4.2113,4.2818,54.43
allenai/Olmo-3-1025-7B,orig,0,Hindi (HDTB),4.7599,4.7381,4.7834,60.88
allenai/Olmo-3-1025-7B,orig,0,Maithili (web),5.5474,5.5008,5.5918,59.75
allenai/Olmo-3-1025-7B,orig,0,Angika (MT),5.0888,5.0621,5.1173,64.44
allenai/Olmo-3-1025-7B,orig,0,FLORES bho,4.9666,4.9323,5.0005,59.12
allenai/Olmo-3-1025-7B,orig,0,FLORES mag,5.0831,5.0464,5.1191,59.05
allenai/Olmo-3-1025-7B,orig,0,FLORES mai,5.3856,5.3504,5.4198,59.37
allenai/Olmo-3-1025-7B,orig,0,FLORES hin,5.0439,5.0092,5.078,61.64
allenai/Olmo-3-1025-7B,orig,0,FLORES eng,1.2411,1.2316,1.2502,
allenai/Olmo-3-1025-7B,orig,0,English (2k),1.2918,1.2829,1.301,
allenai/Olmo-3-1025-7B,scoped,0,Bhojpuri (BHTB),4.4398,4.3869,4.4905,57.76
allenai/Olmo-3-1025-7B,scoped,0,Magahi (MGTB),4.246,4.2105,4.2809,54.45
allenai/Olmo-3-1025-7B,scoped,0,Hindi (HDTB),4.7583,4.7366,4.7817,60.92
allenai/Olmo-3-1025-7B,scoped,0,Maithili (web),5.5465,5.4999,5.5909,59.77
allenai/Olmo-3-1025-7B,scoped,0,Angika (MT),5.087,5.0604,5.1156,64.49
allenai/Olmo-3-1025-7B,scoped,0,FLORES bho,4.9644,4.9303,4.9978,59.17
allenai/Olmo-3-1025-7B,scoped,0,FLORES mag,5.0817,5.0451,5.1177,59.08
allenai/Olmo-3-1025-7B,scoped,0,FLORES mai,5.3849,5.3496,5.4191,59.4
allenai/Olmo-3-1025-7B,scoped,0,FLORES hin,5.0381,5.0032,5.0722,61.78
allenai/Olmo-3-1025-7B,scoped,0,FLORES eng,1.2411,1.2316,1.2502,
allenai/Olmo-3-1025-7B,scoped,0,English (2k),1.2918,1.2829,1.301,
allenai/Olmo-3-1025-7B,scoped,1000,Bhojpuri (BHTB),1.8793,1.8486,1.9076,27.72
allenai/Olmo-3-1025-7B,scoped,1000,Magahi (MGTB),1.8511,1.8334,1.8698,21.85
allenai/Olmo-3-1025-7B,scoped,1000,Hindi (HDTB),2.1661,2.1543,2.1791,31.57
allenai/Olmo-3-1025-7B,scoped,1000,Maithili (web),2.4469,2.4189,2.4747,30.66
allenai/Olmo-3-1025-7B,scoped,1000,Angika (MT),2.503,2.488,2.5183,43.46
allenai/Olmo-3-1025-7B,scoped,1000,FLORES bho,2.2429,2.2242,2.2632,29.91
allenai/Olmo-3-1025-7B,scoped,1000,FLORES mag,2.35,2.3301,2.3689,29.02
allenai/Olmo-3-1025-7B,scoped,1000,FLORES mai,2.3025,2.2802,2.3233,29.94
allenai/Olmo-3-1025-7B,scoped,1000,FLORES hin,2.3961,2.3772,2.4145,34.14
allenai/Olmo-3-1025-7B,scoped,1000,FLORES eng,1.2411,1.2316,1.2502,
allenai/Olmo-3-1025-7B,scoped,1000,English (2k),1.2918,1.2829,1.301,
allenai/Olmo-3-1025-7B,scoped,8000,Bhojpuri (BHTB),1.298,1.2815,1.3158,12.64
allenai/Olmo-3-1025-7B,scoped,8000,Magahi (MGTB),1.333,1.3204,1.3454,10.69
allenai/Olmo-3-1025-7B,scoped,8000,Hindi (HDTB),1.445,1.436,1.4542,16.9
allenai/Olmo-3-1025-7B,scoped,8000,Maithili (web),1.6448,1.6256,1.6646,17.15
allenai/Olmo-3-1025-7B,scoped,8000,Angika (MT),1.7511,1.74,1.7626,31.77
allenai/Olmo-3-1025-7B,scoped,8000,FLORES bho,1.5786,1.564,1.5944,18.11
allenai/Olmo-3-1025-7B,scoped,8000,FLORES mag,1.6218,1.6057,1.6374,17.37
allenai/Olmo-3-1025-7B,scoped,8000,FLORES mai,1.5771,1.5614,1.5917,17.35
allenai/Olmo-3-1025-7B,scoped,8000,FLORES hin,1.6638,1.6481,1.6784,21.41
allenai/Olmo-3-1025-7B,scoped,8000,FLORES eng,1.2411,1.2316,1.2502,
allenai/Olmo-3-1025-7B,scoped,8000,English (2k),1.2918,1.2829,1.301,
allenai/Olmo-3-1025-7B,orig_cbpe,1000,Bhojpuri (BHTB),2.3444,2.315,2.371,49.97
allenai/Olmo-3-1025-7B,orig_cbpe,1000,Magahi (MGTB),2.2002,2.1815,2.2176,43.59
allenai/Olmo-3-1025-7B,orig_cbpe,1000,Hindi (HDTB),2.6187,2.6076,2.631,52.44
allenai/Olmo-3-1025-7B,orig_cbpe,1000,Maithili (web),2.8269,2.8009,2.8523,51.36
allenai/Olmo-3-1025-7B,orig_cbpe,1000,Angika (MT),2.757,2.7443,2.7709,56.97
allenai/Olmo-3-1025-7B,orig_cbpe,1000,FLORES bho,2.6497,2.6322,2.6685,51.28
allenai/Olmo-3-1025-7B,orig_cbpe,1000,FLORES mag,2.762,2.7426,2.7818,49.22
allenai/Olmo-3-1025-7B,orig_cbpe,1000,FLORES mai,2.6756,2.655,2.6956,51.01
allenai/Olmo-3-1025-7B,orig_cbpe,1000,FLORES hin,2.788,2.7698,2.8057,53.05
allenai/Olmo-3-1025-7B,orig_cbpe,1000,FLORES eng,1.2411,1.2316,1.2502,
allenai/Olmo-3-1025-7B,orig_cbpe,1000,English (2k),1.2918,1.2829,1.301,
allenai/Olmo-3-1025-7B,orig_cbpe,8000,Bhojpuri (BHTB),2.1758,2.1483,2.1999,53.71
allenai/Olmo-3-1025-7B,orig_cbpe,8000,Magahi (MGTB),2.0142,1.995,2.0304,47.53
allenai/Olmo-3-1025-7B,orig_cbpe,8000,Hindi (HDTB),2.4311,2.4205,2.442,56.26
allenai/Olmo-3-1025-7B,orig_cbpe,8000,Maithili (web),2.564,2.5423,2.5851,56.16
allenai/Olmo-3-1025-7B,orig_cbpe,8000,Angika (MT),2.5907,2.5795,2.6026,60.59
allenai/Olmo-3-1025-7B,orig_cbpe,8000,FLORES bho,2.4496,2.4335,2.4668,55.25
allenai/Olmo-3-1025-7B,orig_cbpe,8000,FLORES mag,2.4856,2.4689,2.5042,53.98
allenai/Olmo-3-1025-7B,orig_cbpe,8000,FLORES mai,2.4615,2.4443,2.4782,55.27
allenai/Olmo-3-1025-7B,orig_cbpe,8000,FLORES hin,2.5506,2.5347,2.5669,57.17
allenai/Olmo-3-1025-7B,orig_cbpe,8000,FLORES eng,1.2411,1.2316,1.2502,
allenai/Olmo-3-1025-7B,orig_cbpe,8000,English (2k),1.2918,1.2829,1.301,
HuggingFaceTB/SmolLM3-3B,orig,0,Bhojpuri (BHTB),2.5026,2.4735,2.5299,47.06
HuggingFaceTB/SmolLM3-3B,orig,0,Magahi (MGTB),2.4102,2.3904,2.4284,40.84
HuggingFaceTB/SmolLM3-3B,orig,0,Hindi (HDTB),2.5557,2.5445,2.5675,53.68
HuggingFaceTB/SmolLM3-3B,orig,0,Maithili (web),3.0112,2.9869,3.0353,48.9
HuggingFaceTB/SmolLM3-3B,orig,0,Angika (MT),2.8037,2.7909,2.8171,56.9
HuggingFaceTB/SmolLM3-3B,orig,0,FLORES bho,2.7484,2.7318,2.7665,49.07
HuggingFaceTB/SmolLM3-3B,orig,0,FLORES mag,2.7771,2.7583,2.7964,48.34
HuggingFaceTB/SmolLM3-3B,orig,0,FLORES mai,2.8578,2.8388,2.876,47.64
HuggingFaceTB/SmolLM3-3B,orig,0,FLORES hin,2.6715,2.6542,2.69,54.62
HuggingFaceTB/SmolLM3-3B,orig,0,FLORES eng,1.2406,1.2311,1.2497,
HuggingFaceTB/SmolLM3-3B,orig,0,English (2k),1.2906,1.2818,1.2997,
HuggingFaceTB/SmolLM3-3B,scoped,0,Bhojpuri (BHTB),2.503,2.4739,2.53,47.13
HuggingFaceTB/SmolLM3-3B,scoped,0,Magahi (MGTB),2.4104,2.3907,2.4287,40.91
HuggingFaceTB/SmolLM3-3B,scoped,0,Hindi (HDTB),2.5636,2.552,2.5759,53.86
HuggingFaceTB/SmolLM3-3B,scoped,0,Maithili (web),3.0326,3.0067,3.0575,48.93
HuggingFaceTB/SmolLM3-3B,scoped,0,Angika (MT),2.8028,2.7901,2.8162,57.11
HuggingFaceTB/SmolLM3-3B,scoped,0,FLORES bho,2.7988,2.7813,2.8165,49.1
HuggingFaceTB/SmolLM3-3B,scoped,0,FLORES mag,2.7926,2.774,2.8119,48.38
HuggingFaceTB/SmolLM3-3B,scoped,0,FLORES mai,2.8755,2.8559,2.8938,47.77
HuggingFaceTB/SmolLM3-3B,scoped,0,FLORES hin,2.7354,2.7172,2.7538,54.78
HuggingFaceTB/SmolLM3-3B,scoped,0,FLORES eng,1.2406,1.2311,1.2497,
HuggingFaceTB/SmolLM3-3B,scoped,0,English (2k),1.2906,1.2818,1.2997,
HuggingFaceTB/SmolLM3-3B,scoped,1000,Bhojpuri (BHTB),1.6982,1.6733,1.7228,30.21
HuggingFaceTB/SmolLM3-3B,scoped,1000,Magahi (MGTB),1.7162,1.7005,1.7323,25.36
HuggingFaceTB/SmolLM3-3B,scoped,1000,Hindi (HDTB),1.9385,1.9284,1.9504,39.74
HuggingFaceTB/SmolLM3-3B,scoped,1000,Maithili (web),2.2088,2.1839,2.2331,36.06
HuggingFaceTB/SmolLM3-3B,scoped,1000,Angika (MT),2.2665,2.2531,2.2794,49.28
HuggingFaceTB/SmolLM3-3B,scoped,1000,FLORES bho,2.0023,1.9856,2.0203,34.98
HuggingFaceTB/SmolLM3-3B,scoped,1000,FLORES mag,2.1148,2.0958,2.133,34.62
HuggingFaceTB/SmolLM3-3B,scoped,1000,FLORES mai,2.0491,2.0296,2.0672,35.43
HuggingFaceTB/SmolLM3-3B,scoped,1000,FLORES hin,2.1584,2.1414,2.1745,42.89
HuggingFaceTB/SmolLM3-3B,scoped,1000,FLORES eng,1.2406,1.2311,1.2497,
HuggingFaceTB/SmolLM3-3B,scoped,1000,English (2k),1.2906,1.2818,1.2997,
HuggingFaceTB/SmolLM3-3B,scoped,8000,Bhojpuri (BHTB),1.2796,1.2635,1.2968,14.43
HuggingFaceTB/SmolLM3-3B,scoped,8000,Magahi (MGTB),1.3245,1.3116,1.336,12.95
HuggingFaceTB/SmolLM3-3B,scoped,8000,Hindi (HDTB),1.4176,1.4084,1.4267,21.72
HuggingFaceTB/SmolLM3-3B,scoped,8000,Maithili (web),1.6315,1.6123,1.6502,20.91
HuggingFaceTB/SmolLM3-3B,scoped,8000,Angika (MT),1.7436,1.7323,1.7548,37.16
HuggingFaceTB/SmolLM3-3B,scoped,8000,FLORES bho,1.5463,1.5322,1.5617,20.94
HuggingFaceTB/SmolLM3-3B,scoped,8000,FLORES mag,1.6071,1.5916,1.6219,20.46
HuggingFaceTB/SmolLM3-3B,scoped,8000,FLORES mai,1.5531,1.5375,1.5674,20.68
HuggingFaceTB/SmolLM3-3B,scoped,8000,FLORES hin,1.6287,1.6134,1.643,26.86
HuggingFaceTB/SmolLM3-3B,scoped,8000,FLORES eng,1.2406,1.2311,1.2497,
HuggingFaceTB/SmolLM3-3B,scoped,8000,English (2k),1.2906,1.2818,1.2997,
HuggingFaceTB/SmolLM3-3B,orig_cbpe,1000,Bhojpuri (BHTB),2.2577,2.2285,2.284,51.8
HuggingFaceTB/SmolLM3-3B,orig_cbpe,1000,Magahi (MGTB),2.1127,2.0931,2.131,45.3
HuggingFaceTB/SmolLM3-3B,orig_cbpe,1000,Hindi (HDTB),2.4963,2.4855,2.5079,54.84
HuggingFaceTB/SmolLM3-3B,orig_cbpe,1000,Maithili (web),2.6933,2.6688,2.7162,53.61
HuggingFaceTB/SmolLM3-3B,orig_cbpe,1000,Angika (MT),2.6649,2.6524,2.6774,58.86
HuggingFaceTB/SmolLM3-3B,orig_cbpe,1000,FLORES bho,2.5294,2.513,2.5473,53.22
HuggingFaceTB/SmolLM3-3B,orig_cbpe,1000,FLORES mag,2.6424,2.6243,2.6614,50.69
HuggingFaceTB/SmolLM3-3B,orig_cbpe,1000,FLORES mai,2.5548,2.5361,2.5729,53.18
HuggingFaceTB/SmolLM3-3B,orig_cbpe,1000,FLORES hin,2.6167,2.5999,2.6341,55.62
HuggingFaceTB/SmolLM3-3B,orig_cbpe,1000,FLORES eng,1.2406,1.2311,1.2497,
HuggingFaceTB/SmolLM3-3B,orig_cbpe,1000,English (2k),1.2906,1.2818,1.2997,
HuggingFaceTB/SmolLM3-3B,orig_cbpe,8000,Bhojpuri (BHTB),2.1736,2.1465,2.1975,53.77
HuggingFaceTB/SmolLM3-3B,orig_cbpe,8000,Magahi (MGTB),2.0099,1.9914,2.0259,47.63
HuggingFaceTB/SmolLM3-3B,orig_cbpe,8000,Hindi (HDTB),2.4285,2.418,2.4393,56.32
HuggingFaceTB/SmolLM3-3B,orig_cbpe,8000,Maithili (web),2.5581,2.5365,2.5792,56.28
HuggingFaceTB/SmolLM3-3B,orig_cbpe,8000,Angika (MT),2.5882,2.5769,2.6001,60.63
HuggingFaceTB/SmolLM3-3B,orig_cbpe,8000,FLORES bho,2.4349,2.4182,2.4519,55.24
HuggingFaceTB/SmolLM3-3B,orig_cbpe,8000,FLORES mag,2.4792,2.4625,2.4968,54.04
HuggingFaceTB/SmolLM3-3B,orig_cbpe,8000,FLORES mai,2.4543,2.437,2.4707,55.3
HuggingFaceTB/SmolLM3-3B,orig_cbpe,8000,FLORES hin,2.5405,2.5244,2.5572,57.22
HuggingFaceTB/SmolLM3-3B,orig_cbpe,8000,FLORES eng,1.2406,1.2311,1.2497,
HuggingFaceTB/SmolLM3-3B,orig_cbpe,8000,English (2k),1.2906,1.2818,1.2997,
