tokenizer,variant,K,roundtrip_failures,roundtrip_n,pct_sents_changed FLORES eng,pct_sents_changed English (2k)
Qwen/Qwen2.5-7B,orig,0,0,13155,0.0,0.0
Qwen/Qwen2.5-7B,scoped,0,0,13155,0.0,0.0
Qwen/Qwen2.5-7B,scoped,1000,0,13155,0.0,0.0
Qwen/Qwen2.5-7B,scoped,8000,0,13155,0.0,0.0
Qwen/Qwen2.5-7B,orig_cbpe,1000,0,13155,0.0,0.0
Qwen/Qwen2.5-7B,orig_cbpe,8000,0,13155,0.0,0.0
Qwen/Qwen3-1.7B,orig,0,0,13155,0.0,0.0
Qwen/Qwen3-1.7B,scoped,0,0,13155,0.0,0.0
Qwen/Qwen3-1.7B,scoped,1000,0,13155,0.0,0.0
Qwen/Qwen3-1.7B,scoped,8000,0,13155,0.0,0.0
Qwen/Qwen3-1.7B,orig_cbpe,1000,0,13155,0.0,0.0
Qwen/Qwen3-1.7B,orig_cbpe,8000,0,13155,0.0,0.0
meta-llama/Llama-3.1-8B,orig,0,0,13155,0.0,0.0
meta-llama/Llama-3.1-8B,scoped,0,0,13155,0.0,0.0
meta-llama/Llama-3.1-8B,scoped,1000,0,13155,0.0,0.0
meta-llama/Llama-3.1-8B,scoped,8000,0,13155,0.0,0.0
meta-llama/Llama-3.1-8B,orig_cbpe,1000,0,13155,0.0,0.0
meta-llama/Llama-3.1-8B,orig_cbpe,8000,0,13155,0.0,0.0
meta-llama/Llama-3.2-1B,orig,0,0,13155,0.0,0.0
meta-llama/Llama-3.2-1B,scoped,0,0,13155,0.0,0.0
meta-llama/Llama-3.2-1B,scoped,1000,0,13155,0.0,0.0
meta-llama/Llama-3.2-1B,scoped,8000,0,13155,0.0,0.0
meta-llama/Llama-3.2-1B,orig_cbpe,1000,0,13155,0.0,0.0
meta-llama/Llama-3.2-1B,orig_cbpe,8000,0,13155,0.0,0.0
microsoft/phi-4,orig,0,0,13155,0.0,0.0
microsoft/phi-4,scoped,0,0,13155,0.0,0.0
microsoft/phi-4,scoped,1000,0,13155,0.0,0.0
microsoft/phi-4,scoped,8000,0,13155,0.0,0.0
microsoft/phi-4,orig_cbpe,1000,0,13155,0.0,0.0
microsoft/phi-4,orig_cbpe,8000,0,13155,0.0,0.0
allenai/Olmo-3-1025-7B,orig,0,0,13155,0.0,0.0
allenai/Olmo-3-1025-7B,scoped,0,0,13155,0.0,0.0
allenai/Olmo-3-1025-7B,scoped,1000,0,13155,0.0,0.0
allenai/Olmo-3-1025-7B,scoped,8000,0,13155,0.0,0.0
allenai/Olmo-3-1025-7B,orig_cbpe,1000,0,13155,0.0,0.0
allenai/Olmo-3-1025-7B,orig_cbpe,8000,0,13155,0.0,0.0
HuggingFaceTB/SmolLM3-3B,orig,0,0,13155,0.0,0.0
HuggingFaceTB/SmolLM3-3B,scoped,0,0,13155,0.0,0.0
HuggingFaceTB/SmolLM3-3B,scoped,1000,0,13155,0.0,0.0
HuggingFaceTB/SmolLM3-3B,scoped,8000,0,13155,0.0,0.0
HuggingFaceTB/SmolLM3-3B,orig_cbpe,1000,0,13155,0.0,0.0
HuggingFaceTB/SmolLM3-3B,orig_cbpe,8000,0,13155,0.0,0.0
