lang,K,variant,n_sents,fertility,ci_lo,ci_hi,ratio_base_over_d,ratio_lo,ratio_hi
bho,0,base,1012,4.6369,4.6064,4.6674,1.0,1.0,1.0
bho,500,d,1012,2.5156,2.4952,2.5381,1.843,1.835,1.852
bho,1000,d,1012,2.2336,2.2139,2.254,2.076,2.065,2.087
bho,2000,d,1012,1.9642,1.9458,1.9832,2.361,2.346,2.376
bho,4000,d,1012,1.7433,1.7263,1.7606,2.66,2.64,2.68
bho,8000,d,1012,1.5719,1.5567,1.5883,2.95,2.927,2.973
mag,0,base,1012,4.6214,4.5875,4.6537,1.0,1.0,1.0
mag,500,d,1012,2.6257,2.6024,2.648,1.76,1.752,1.768
mag,1000,d,1012,2.35,2.3297,2.369,1.967,1.957,1.976
mag,2000,d,1012,2.0691,2.0489,2.0876,2.234,2.22,2.247
mag,4000,d,1012,1.8449,1.8267,1.8617,2.505,2.489,2.522
mag,8000,d,1012,1.6305,1.6144,1.6469,2.834,2.812,2.856
mai,0,base,1012,4.9222,4.8895,4.9544,1.0,1.0,1.0
mai,500,d,1012,2.6224,2.5971,2.645,1.877,1.868,1.886
mai,1000,d,1012,2.297,2.2748,2.3181,2.143,2.131,2.155
mai,2000,d,1012,2.018,1.9971,2.0371,2.439,2.424,2.455
mai,4000,d,1012,1.78,1.7616,1.7974,2.765,2.746,2.786
mai,8000,d,1012,1.5845,1.5673,1.5995,3.106,3.081,3.132
hin,0,base,1012,4.7557,4.7245,4.7874,1.0,1.0,1.0
hin,500,d,1012,2.7645,2.7427,2.7846,1.72,1.714,1.727
hin,1000,d,1012,2.3966,2.3778,2.4156,1.984,1.976,1.993
hin,2000,d,1012,2.1485,2.1307,2.1663,2.214,2.202,2.225
hin,4000,d,1012,1.8841,1.8676,1.8994,2.524,2.508,2.541
hin,8000,d,1012,1.6684,1.6526,1.6838,2.85,2.829,2.872
eng,0,base,1012,1.2612,1.2496,1.2717,1.0,1.0,1.0
eng,500,d,1012,1.2612,1.2496,1.2717,1.0,1.0,1.0
eng,1000,d,1012,1.2612,1.2496,1.2717,1.0,1.0,1.0
eng,2000,d,1012,1.2612,1.2496,1.2717,1.0,1.0,1.0
eng,4000,d,1012,1.2612,1.2496,1.2717,1.0,1.0,1.0
eng,8000,d,1012,1.2612,1.2496,1.2717,1.0,1.0,1.0
