tokenizer,codepoint,name,count,pct_of_cuts
Qwen/Qwen2.5-7B,U+093E,DEVANAGARI VOWEL SIGN AA,70159,21.96
Qwen/Qwen2.5-7B,U+0947,DEVANAGARI VOWEL SIGN E,49210,15.4
Qwen/Qwen2.5-7B,U+094D,DEVANAGARI SIGN VIRAMA,41094,12.86
Qwen/Qwen2.5-7B,U+093F,DEVANAGARI VOWEL SIGN I,39193,12.27
Qwen/Qwen2.5-7B,U+094B,DEVANAGARI VOWEL SIGN O,28159,8.81
Qwen/Qwen2.5-7B,U+0940,DEVANAGARI VOWEL SIGN II,25540,7.99
Qwen/Qwen2.5-7B,U+0948,DEVANAGARI VOWEL SIGN AI,11841,3.71
Qwen/Qwen2.5-7B,U+0941,DEVANAGARI VOWEL SIGN U,11526,3.61
Qwen/Qwen3-1.7B,U+093E,DEVANAGARI VOWEL SIGN AA,70159,21.96
Qwen/Qwen3-1.7B,U+0947,DEVANAGARI VOWEL SIGN E,49210,15.4
Qwen/Qwen3-1.7B,U+094D,DEVANAGARI SIGN VIRAMA,41094,12.86
Qwen/Qwen3-1.7B,U+093F,DEVANAGARI VOWEL SIGN I,39193,12.27
Qwen/Qwen3-1.7B,U+094B,DEVANAGARI VOWEL SIGN O,28159,8.81
Qwen/Qwen3-1.7B,U+0940,DEVANAGARI VOWEL SIGN II,25540,7.99
Qwen/Qwen3-1.7B,U+0948,DEVANAGARI VOWEL SIGN AI,11841,3.71
Qwen/Qwen3-1.7B,U+0941,DEVANAGARI VOWEL SIGN U,11526,3.61
meta-llama/Llama-3.1-8B,U+093E,DEVANAGARI VOWEL SIGN AA,70159,22.0
meta-llama/Llama-3.1-8B,U+0947,DEVANAGARI VOWEL SIGN E,49210,15.43
meta-llama/Llama-3.1-8B,U+094D,DEVANAGARI SIGN VIRAMA,41094,12.89
meta-llama/Llama-3.1-8B,U+093F,DEVANAGARI VOWEL SIGN I,39193,12.29
meta-llama/Llama-3.1-8B,U+094B,DEVANAGARI VOWEL SIGN O,28159,8.83
meta-llama/Llama-3.1-8B,U+0940,DEVANAGARI VOWEL SIGN II,25540,8.01
meta-llama/Llama-3.1-8B,U+0948,DEVANAGARI VOWEL SIGN AI,11841,3.71
meta-llama/Llama-3.1-8B,U+0941,DEVANAGARI VOWEL SIGN U,11526,3.61
meta-llama/Llama-3.2-1B,U+093E,DEVANAGARI VOWEL SIGN AA,70159,22.0
meta-llama/Llama-3.2-1B,U+0947,DEVANAGARI VOWEL SIGN E,49210,15.43
meta-llama/Llama-3.2-1B,U+094D,DEVANAGARI SIGN VIRAMA,41094,12.89
meta-llama/Llama-3.2-1B,U+093F,DEVANAGARI VOWEL SIGN I,39193,12.29
meta-llama/Llama-3.2-1B,U+094B,DEVANAGARI VOWEL SIGN O,28159,8.83
meta-llama/Llama-3.2-1B,U+0940,DEVANAGARI VOWEL SIGN II,25540,8.01
meta-llama/Llama-3.2-1B,U+0948,DEVANAGARI VOWEL SIGN AI,11841,3.71
meta-llama/Llama-3.2-1B,U+0941,DEVANAGARI VOWEL SIGN U,11526,3.61
mistralai/Mistral-Nemo-Base-2407,U+002C,COMMA,5102,32.09
mistralai/Mistral-Nemo-Base-2407,U+0964,DEVANAGARI DANDA,3601,22.65
mistralai/Mistral-Nemo-Base-2407,U+002E,FULL STOP,2164,13.61
mistralai/Mistral-Nemo-Base-2407,U+002D,HYPHEN-MINUS,1366,8.59
mistralai/Mistral-Nemo-Base-2407,U+0029,RIGHT PARENTHESIS,427,2.69
mistralai/Mistral-Nemo-Base-2407,U+0966,DEVANAGARI DIGIT ZERO,247,1.55
mistralai/Mistral-Nemo-Base-2407,U+0027,APOSTROPHE,226,1.42
mistralai/Mistral-Nemo-Base-2407,U+2019,RIGHT SINGLE QUOTATION MARK,193,1.21
microsoft/phi-4,U+093E,DEVANAGARI VOWEL SIGN AA,70159,22.0
microsoft/phi-4,U+0947,DEVANAGARI VOWEL SIGN E,49210,15.43
microsoft/phi-4,U+094D,DEVANAGARI SIGN VIRAMA,41094,12.89
microsoft/phi-4,U+093F,DEVANAGARI VOWEL SIGN I,39193,12.29
microsoft/phi-4,U+094B,DEVANAGARI VOWEL SIGN O,28159,8.83
microsoft/phi-4,U+0940,DEVANAGARI VOWEL SIGN II,25540,8.01
microsoft/phi-4,U+0948,DEVANAGARI VOWEL SIGN AI,11841,3.71
microsoft/phi-4,U+0941,DEVANAGARI VOWEL SIGN U,11526,3.61
allenai/Olmo-3-1025-7B,U+093E,DEVANAGARI VOWEL SIGN AA,70159,22.0
allenai/Olmo-3-1025-7B,U+0947,DEVANAGARI VOWEL SIGN E,49210,15.43
allenai/Olmo-3-1025-7B,U+094D,DEVANAGARI SIGN VIRAMA,41094,12.89
allenai/Olmo-3-1025-7B,U+093F,DEVANAGARI VOWEL SIGN I,39193,12.29
allenai/Olmo-3-1025-7B,U+094B,DEVANAGARI VOWEL SIGN O,28159,8.83
allenai/Olmo-3-1025-7B,U+0940,DEVANAGARI VOWEL SIGN II,25540,8.01
allenai/Olmo-3-1025-7B,U+0948,DEVANAGARI VOWEL SIGN AI,11841,3.71
allenai/Olmo-3-1025-7B,U+0941,DEVANAGARI VOWEL SIGN U,11526,3.61
deepseek-ai/DeepSeek-V3,U+002C,COMMA,5102,30.24
deepseek-ai/DeepSeek-V3,U+0964,DEVANAGARI DANDA,3601,21.34
deepseek-ai/DeepSeek-V3,U+002E,FULL STOP,2164,12.83
deepseek-ai/DeepSeek-V3,U+002D,HYPHEN-MINUS,1366,8.1
deepseek-ai/DeepSeek-V3,U+0029,RIGHT PARENTHESIS,427,2.53
deepseek-ai/DeepSeek-V3,U+0938,DEVANAGARI LETTER SA,270,1.6
deepseek-ai/DeepSeek-V3,U+092A,DEVANAGARI LETTER PA,231,1.37
deepseek-ai/DeepSeek-V3,U+0027,APOSTROPHE,226,1.34
HuggingFaceTB/SmolLM3-3B,U+093E,DEVANAGARI VOWEL SIGN AA,70159,22.0
HuggingFaceTB/SmolLM3-3B,U+0947,DEVANAGARI VOWEL SIGN E,49210,15.43
HuggingFaceTB/SmolLM3-3B,U+094D,DEVANAGARI SIGN VIRAMA,41094,12.89
HuggingFaceTB/SmolLM3-3B,U+093F,DEVANAGARI VOWEL SIGN I,39193,12.29
HuggingFaceTB/SmolLM3-3B,U+094B,DEVANAGARI VOWEL SIGN O,28159,8.83
HuggingFaceTB/SmolLM3-3B,U+0940,DEVANAGARI VOWEL SIGN II,25540,8.01
HuggingFaceTB/SmolLM3-3B,U+0948,DEVANAGARI VOWEL SIGN AI,11841,3.71
HuggingFaceTB/SmolLM3-3B,U+0941,DEVANAGARI VOWEL SIGN U,11526,3.61
ai4bharat/IndicBERTv2-MLM-only,U+002C,COMMA,5102,30.82
ai4bharat/IndicBERTv2-MLM-only,U+0964,DEVANAGARI DANDA,3601,21.75
ai4bharat/IndicBERTv2-MLM-only,U+002E,FULL STOP,2164,13.07
ai4bharat/IndicBERTv2-MLM-only,U+002D,HYPHEN-MINUS,1366,8.25
ai4bharat/IndicBERTv2-MLM-only,U+0029,RIGHT PARENTHESIS,427,2.58
ai4bharat/IndicBERTv2-MLM-only,U+0938,DEVANAGARI LETTER SA,267,1.61
ai4bharat/IndicBERTv2-MLM-only,U+092A,DEVANAGARI LETTER PA,233,1.41
ai4bharat/IndicBERTv2-MLM-only,U+0027,APOSTROPHE,226,1.37
tiktoken o200k_base,U+002C,COMMA,5102,33.5
tiktoken o200k_base,U+0964,DEVANAGARI DANDA,3601,23.65
tiktoken o200k_base,U+002E,FULL STOP,2164,14.21
tiktoken o200k_base,U+002D,HYPHEN-MINUS,1366,8.97
tiktoken o200k_base,U+0029,RIGHT PARENTHESIS,427,2.8
tiktoken o200k_base,U+0027,APOSTROPHE,226,1.48
tiktoken o200k_base,U+2019,RIGHT SINGLE QUOTATION MARK,193,1.27
tiktoken o200k_base,U+0022,QUOTATION MARK,134,0.88
