tokenizer,test_set,fertility,ci_lo,ci_hi,n_sents
Qwen/Qwen2.5-7B,Bhojpuri (BHTB),4.0721,4.0257,4.1162,357
Qwen/Qwen2.5-7B,Magahi (MGTB),3.8378,3.8061,3.8668,551
Qwen/Qwen2.5-7B,Hindi (HDTB),4.4207,4.4011,4.4414,1684
Qwen/Qwen2.5-7B,Maithili (web),5.0993,5.0565,5.1418,2011
Qwen/Qwen2.5-7B,Angika (MT),4.7893,4.7654,4.814,1492
Qwen/Qwen2.5-7B,FLORES bho,4.6369,4.6064,4.6674,1012
Qwen/Qwen2.5-7B,FLORES mag,4.6214,4.5875,4.6537,1012
Qwen/Qwen2.5-7B,FLORES mai,4.9222,4.8895,4.9544,1012
Qwen/Qwen2.5-7B,FLORES hin,4.7557,4.7245,4.7874,1012
Qwen/Qwen2.5-7B,FLORES eng,1.2612,1.2496,1.2717,1012
Qwen/Qwen3-1.7B,Bhojpuri (BHTB),4.0721,4.0257,4.1162,357
Qwen/Qwen3-1.7B,Magahi (MGTB),3.8378,3.8061,3.8668,551
Qwen/Qwen3-1.7B,Hindi (HDTB),4.4207,4.4011,4.4414,1684
Qwen/Qwen3-1.7B,Maithili (web),5.0993,5.0565,5.1418,2011
Qwen/Qwen3-1.7B,Angika (MT),4.7893,4.7654,4.814,1492
Qwen/Qwen3-1.7B,FLORES bho,4.6369,4.6064,4.6674,1012
Qwen/Qwen3-1.7B,FLORES mag,4.6214,4.5875,4.6537,1012
Qwen/Qwen3-1.7B,FLORES mai,4.9222,4.8895,4.9544,1012
Qwen/Qwen3-1.7B,FLORES hin,4.7557,4.7245,4.7874,1012
Qwen/Qwen3-1.7B,FLORES eng,1.2612,1.2496,1.2717,1012
meta-llama/Llama-3.1-8B,Bhojpuri (BHTB),2.5026,2.4735,2.5299,357
meta-llama/Llama-3.1-8B,Magahi (MGTB),2.4102,2.3904,2.4284,551
meta-llama/Llama-3.1-8B,Hindi (HDTB),2.5557,2.5445,2.5675,1684
meta-llama/Llama-3.1-8B,Maithili (web),3.0112,2.9869,3.0353,2011
meta-llama/Llama-3.1-8B,Angika (MT),2.8037,2.7909,2.8171,1492
meta-llama/Llama-3.1-8B,FLORES bho,2.7484,2.7318,2.7665,1012
meta-llama/Llama-3.1-8B,FLORES mag,2.7771,2.7583,2.7964,1012
meta-llama/Llama-3.1-8B,FLORES mai,2.8578,2.8388,2.876,1012
meta-llama/Llama-3.1-8B,FLORES hin,2.6715,2.6542,2.69,1012
meta-llama/Llama-3.1-8B,FLORES eng,1.2406,1.2311,1.2497,1012
meta-llama/Llama-3.2-1B,Bhojpuri (BHTB),2.5026,2.4735,2.5299,357
meta-llama/Llama-3.2-1B,Magahi (MGTB),2.4102,2.3904,2.4284,551
meta-llama/Llama-3.2-1B,Hindi (HDTB),2.5557,2.5445,2.5675,1684
meta-llama/Llama-3.2-1B,Maithili (web),3.0112,2.9869,3.0353,2011
meta-llama/Llama-3.2-1B,Angika (MT),2.8037,2.7909,2.8171,1492
meta-llama/Llama-3.2-1B,FLORES bho,2.7484,2.7318,2.7665,1012
meta-llama/Llama-3.2-1B,FLORES mag,2.7771,2.7583,2.7964,1012
meta-llama/Llama-3.2-1B,FLORES mai,2.8578,2.8388,2.876,1012
meta-llama/Llama-3.2-1B,FLORES hin,2.6715,2.6542,2.69,1012
meta-llama/Llama-3.2-1B,FLORES eng,1.2406,1.2311,1.2497,1012
google/gemma-3-4b-pt,Bhojpuri (BHTB),1.4991,1.4803,1.5167,357
google/gemma-3-4b-pt,Magahi (MGTB),1.5631,1.5474,1.5785,551
google/gemma-3-4b-pt,Hindi (HDTB),1.2144,1.2065,1.2222,1684
google/gemma-3-4b-pt,Maithili (web),1.9751,1.9564,1.9925,2011
google/gemma-3-4b-pt,Angika (MT),1.7343,1.7246,1.7443,1492
google/gemma-3-4b-pt,FLORES bho,1.6673,1.6532,1.681,1012
google/gemma-3-4b-pt,FLORES mag,1.5993,1.5856,1.6119,1012
google/gemma-3-4b-pt,FLORES mai,1.8059,1.7925,1.8178,1012
google/gemma-3-4b-pt,FLORES hin,1.385,1.3726,1.3971,1012
google/gemma-3-4b-pt,FLORES eng,1.238,1.2272,1.2484,1012
mistralai/Mistral-Nemo-Base-2407,Bhojpuri (BHTB),2.0489,2.0221,2.0743,357
mistralai/Mistral-Nemo-Base-2407,Magahi (MGTB),1.9936,1.9755,2.0131,551
mistralai/Mistral-Nemo-Base-2407,Hindi (HDTB),1.8363,1.8238,1.8503,1684
mistralai/Mistral-Nemo-Base-2407,Maithili (web),2.6636,2.6401,2.6851,2011
mistralai/Mistral-Nemo-Base-2407,Angika (MT),2.3175,2.3048,2.3316,1492
mistralai/Mistral-Nemo-Base-2407,FLORES bho,2.2629,2.2453,2.281,1012
mistralai/Mistral-Nemo-Base-2407,FLORES mag,2.2698,2.2508,2.2876,1012
mistralai/Mistral-Nemo-Base-2407,FLORES mai,2.5562,2.5398,2.5722,1012
mistralai/Mistral-Nemo-Base-2407,FLORES hin,1.949,1.9308,1.9682,1012
mistralai/Mistral-Nemo-Base-2407,FLORES eng,1.2706,1.2593,1.2814,1012
microsoft/phi-4,Bhojpuri (BHTB),4.4408,4.3878,4.492,357
microsoft/phi-4,Magahi (MGTB),4.2471,4.2113,4.2818,551
microsoft/phi-4,Hindi (HDTB),4.7599,4.7381,4.7834,1684
microsoft/phi-4,Maithili (web),5.5474,5.5008,5.5918,2011
microsoft/phi-4,Angika (MT),5.0888,5.0621,5.1173,1492
microsoft/phi-4,FLORES bho,4.9666,4.9323,5.0005,1012
microsoft/phi-4,FLORES mag,5.0831,5.0464,5.1191,1012
microsoft/phi-4,FLORES mai,5.3856,5.3504,5.4198,1012
microsoft/phi-4,FLORES hin,5.0439,5.0092,5.078,1012
microsoft/phi-4,FLORES eng,1.2411,1.2316,1.2502,1012
allenai/Olmo-3-1025-7B,Bhojpuri (BHTB),4.4408,4.3878,4.492,357
allenai/Olmo-3-1025-7B,Magahi (MGTB),4.2471,4.2113,4.2818,551
allenai/Olmo-3-1025-7B,Hindi (HDTB),4.7599,4.7381,4.7834,1684
allenai/Olmo-3-1025-7B,Maithili (web),5.5474,5.5008,5.5918,2011
allenai/Olmo-3-1025-7B,Angika (MT),5.0888,5.0621,5.1173,1492
allenai/Olmo-3-1025-7B,FLORES bho,4.9666,4.9323,5.0005,1012
allenai/Olmo-3-1025-7B,FLORES mag,5.0831,5.0464,5.1191,1012
allenai/Olmo-3-1025-7B,FLORES mai,5.3856,5.3504,5.4198,1012
allenai/Olmo-3-1025-7B,FLORES hin,5.0439,5.0092,5.078,1012
allenai/Olmo-3-1025-7B,FLORES eng,1.2411,1.2316,1.2502,1012
deepseek-ai/DeepSeek-V3,Bhojpuri (BHTB),2.738,2.7069,2.7677,357
deepseek-ai/DeepSeek-V3,Magahi (MGTB),2.6198,2.5993,2.6402,551
deepseek-ai/DeepSeek-V3,Hindi (HDTB),2.7438,2.7296,2.758,1684
deepseek-ai/DeepSeek-V3,Maithili (web),3.5286,3.5006,3.5545,2011
deepseek-ai/DeepSeek-V3,Angika (MT),3.2126,3.1963,3.2294,1492
deepseek-ai/DeepSeek-V3,FLORES bho,3.07,3.0484,3.0921,1012
deepseek-ai/DeepSeek-V3,FLORES mag,3.114,3.0921,3.1355,1012
deepseek-ai/DeepSeek-V3,FLORES mai,3.4295,3.4078,3.4499,1012
deepseek-ai/DeepSeek-V3,FLORES hin,2.9469,2.9238,2.9677,1012
deepseek-ai/DeepSeek-V3,FLORES eng,1.2347,1.2251,1.2435,1012
HuggingFaceTB/SmolLM3-3B,Bhojpuri (BHTB),2.5026,2.4735,2.5299,357
HuggingFaceTB/SmolLM3-3B,Magahi (MGTB),2.4102,2.3904,2.4284,551
HuggingFaceTB/SmolLM3-3B,Hindi (HDTB),2.5557,2.5445,2.5675,1684
HuggingFaceTB/SmolLM3-3B,Maithili (web),3.0112,2.9869,3.0353,2011
HuggingFaceTB/SmolLM3-3B,Angika (MT),2.8037,2.7909,2.8171,1492
HuggingFaceTB/SmolLM3-3B,FLORES bho,2.7484,2.7318,2.7665,1012
HuggingFaceTB/SmolLM3-3B,FLORES mag,2.7771,2.7583,2.7964,1012
HuggingFaceTB/SmolLM3-3B,FLORES mai,2.8578,2.8388,2.876,1012
HuggingFaceTB/SmolLM3-3B,FLORES hin,2.6715,2.6542,2.69,1012
HuggingFaceTB/SmolLM3-3B,FLORES eng,1.2406,1.2311,1.2497,1012
xlm-roberta-base,Bhojpuri (BHTB),1.6315,1.6127,1.6513,357
xlm-roberta-base,Magahi (MGTB),1.6764,1.6607,1.692,551
xlm-roberta-base,Hindi (HDTB),1.3047,1.2955,1.3143,1684
xlm-roberta-base,Maithili (web),2.0445,2.0262,2.0612,2011
xlm-roberta-base,Angika (MT),1.8657,1.8554,1.8762,1492
xlm-roberta-base,FLORES bho,1.7604,1.7458,1.776,1012
xlm-roberta-base,FLORES mag,1.7246,1.7093,1.7379,1012
xlm-roberta-base,FLORES mai,1.9613,1.9474,1.9746,1012
xlm-roberta-base,FLORES hin,1.4905,1.4766,1.5033,1012
xlm-roberta-base,FLORES eng,1.4,1.3888,1.411,1012
google/mt5-base,Bhojpuri (BHTB),2.0287,2.0114,2.0486,357
google/mt5-base,Magahi (MGTB),2.019,2.0047,2.0343,551
google/mt5-base,Hindi (HDTB),1.9425,1.9342,1.9516,1684
google/mt5-base,Maithili (web),2.4359,2.419,2.4529,2011
google/mt5-base,Angika (MT),2.2339,2.2247,2.2437,1492
google/mt5-base,FLORES bho,2.1502,2.1374,2.1632,1012
google/mt5-base,FLORES mag,2.1715,2.1588,2.1842,1012
google/mt5-base,FLORES mai,2.3816,2.3686,2.3933,1012
google/mt5-base,FLORES hin,2.0861,2.0729,2.0985,1012
google/mt5-base,FLORES eng,1.5429,1.5315,1.5542,1012
ai4bharat/IndicBERTv2-MLM-only,Bhojpuri (BHTB),1.3072,1.2922,1.3225,357
ai4bharat/IndicBERTv2-MLM-only,Magahi (MGTB),1.3733,1.3607,1.3859,551
ai4bharat/IndicBERTv2-MLM-only,Hindi (HDTB),1.0831,1.0784,1.0881,1684
ai4bharat/IndicBERTv2-MLM-only,Maithili (web),1.5163,1.5018,1.5303,2011
ai4bharat/IndicBERTv2-MLM-only,Angika (MT),1.4834,1.4756,1.4911,1492
ai4bharat/IndicBERTv2-MLM-only,FLORES bho,1.4691,1.459,1.4794,1012
ai4bharat/IndicBERTv2-MLM-only,FLORES mag,1.4053,1.3946,1.4149,1012
ai4bharat/IndicBERTv2-MLM-only,FLORES mai,1.3547,1.3451,1.3634,1012
ai4bharat/IndicBERTv2-MLM-only,FLORES hin,1.2368,1.2279,1.2452,1012
ai4bharat/IndicBERTv2-MLM-only,FLORES eng,1.2364,1.2268,1.2445,1012
tiktoken o200k_base,Bhojpuri (BHTB),1.6814,1.6595,1.7055,357
tiktoken o200k_base,Magahi (MGTB),1.6967,1.6816,1.7129,551
tiktoken o200k_base,Hindi (HDTB),1.4774,1.4671,1.4882,1684
tiktoken o200k_base,Maithili (web),2.1083,2.0859,2.1304,2011
tiktoken o200k_base,Angika (MT),1.9573,1.9453,1.9696,1492
tiktoken o200k_base,FLORES bho,1.8592,1.8435,1.8758,1012
tiktoken o200k_base,FLORES mag,1.8424,1.8257,1.8578,1012
tiktoken o200k_base,FLORES mai,1.9201,1.9043,1.9351,1012
tiktoken o200k_base,FLORES hin,1.6484,1.6322,1.6634,1012
tiktoken o200k_base,FLORES eng,1.227,1.218,1.2357,1012
