tokenizer,vocab_size,type,pre_tokenizer,normalizer,regex,note,fert Bhojpuri (BHTB),lo Bhojpuri (BHTB),hi Bhojpuri (BHTB),fert Magahi (MGTB),lo Magahi (MGTB),hi Magahi (MGTB),fert Hindi (HDTB),lo Hindi (HDTB),hi Hindi (HDTB),fert Maithili (web),lo Maithili (web),hi Maithili (web),fert Angika (MT),lo Angika (MT),hi Angika (MT),fert FLORES bho,lo FLORES bho,hi FLORES bho,fert FLORES mag,lo FLORES mag,hi FLORES mag,fert FLORES mai,lo FLORES mai,hi FLORES mai,fert FLORES hin,lo FLORES hin,hi FLORES hin,fert FLORES eng,lo FLORES eng,hi FLORES eng,devanagari_words,pct_words_split,pct_words_cut_at_mark,pct_tokens_end_inside_cluster,top_cut_chars,cuts_at_marks
Qwen/Qwen2.5-7B,151665,byte-level BPE with regex,Sequence,NFC,(?i:'s|'t|'re|'ve|'m|'ll|'d)|[^\r\n\p{L}\p{N}]?\p{L}+|\p{N}| ?[^\s\p{L}\p{N}]+[\r\n]*|\s*[\r\n]+|\s+(?!\S)|\s+,AutoTokenizer pre-tokenizer differs from repo tokenizer.json,4.072,4.026,4.116,3.838,3.806,3.867,4.421,4.401,4.441,5.099,5.056,5.142,4.789,4.765,4.814,4.637,4.606,4.667,4.621,4.587,4.654,4.922,4.889,4.954,4.756,4.724,4.787,1.261,1.25,1.272,216717,85.61,84.22,57.34,U+093E DEVANAGARI VOWEL SIGN AA 22.0%; U+0947 DEVANAGARI VOWEL SIGN E 15.4%; U+094D DEVANAGARI SIGN VIRAMA 12.9%; U+093F DEVANAGARI VOWEL SIGN I 12.3%; U+094B DEVANAGARI VOWEL SIGN O 8.8%; U+0940 DEVANAGARI VOWEL SIGN II 8.0%; U+0948 DEVANAGARI VOWEL SIGN AI 3.7%; U+0941 DEVANAGARI VOWEL SIGN U 3.6%,True
Qwen/Qwen3-1.7B,151669,byte-level BPE with regex,Sequence,NFC,(?i:'s|'t|'re|'ve|'m|'ll|'d)|[^\r\n\p{L}\p{N}]?\p{L}+|\p{N}| ?[^\s\p{L}\p{N}]+[\r\n]*|\s*[\r\n]+|\s+(?!\S)|\s+,AutoTokenizer pre-tokenizer differs from repo tokenizer.json,4.072,4.026,4.116,3.838,3.806,3.867,4.421,4.401,4.441,5.099,5.056,5.142,4.789,4.765,4.814,4.637,4.606,4.667,4.621,4.587,4.654,4.922,4.889,4.954,4.756,4.724,4.787,1.261,1.25,1.272,216717,85.61,84.22,57.34,U+093E DEVANAGARI VOWEL SIGN AA 22.0%; U+0947 DEVANAGARI VOWEL SIGN E 15.4%; U+094D DEVANAGARI SIGN VIRAMA 12.9%; U+093F DEVANAGARI VOWEL SIGN I 12.3%; U+094B DEVANAGARI VOWEL SIGN O 8.8%; U+0940 DEVANAGARI VOWEL SIGN II 8.0%; U+0948 DEVANAGARI VOWEL SIGN AI 3.7%; U+0941 DEVANAGARI VOWEL SIGN U 3.6%,True
meta-llama/Llama-3.1-8B,128256,byte-level BPE with regex,Sequence,none,"(?i:'s|'t|'re|'ve|'m|'ll|'d)|[^\r\n\p{L}\p{N}]?\p{L}+|\p{N}{1,3}| ?[^\s\p{L}\p{N}]+[\r\n]*|\s*[\r\n]+|\s+(?!\S)|\s+",,2.503,2.473,2.53,2.41,2.39,2.428,2.556,2.544,2.567,3.011,2.987,3.035,2.804,2.791,2.817,2.748,2.732,2.767,2.777,2.758,2.796,2.858,2.839,2.876,2.672,2.654,2.69,1.241,1.231,1.25,216717,85.53,84.22,51.29,U+093E DEVANAGARI VOWEL SIGN AA 22.0%; U+0947 DEVANAGARI VOWEL SIGN E 15.4%; U+094D DEVANAGARI SIGN VIRAMA 12.9%; U+093F DEVANAGARI VOWEL SIGN I 12.3%; U+094B DEVANAGARI VOWEL SIGN O 8.8%; U+0940 DEVANAGARI VOWEL SIGN II 8.0%; U+0948 DEVANAGARI VOWEL SIGN AI 3.7%; U+0941 DEVANAGARI VOWEL SIGN U 3.6%,True
meta-llama/Llama-3.2-1B,128256,byte-level BPE with regex,Sequence,none,"(?i:'s|'t|'re|'ve|'m|'ll|'d)|[^\r\n\p{L}\p{N}]?\p{L}+|\p{N}{1,3}| ?[^\s\p{L}\p{N}]+[\r\n]*|\s*[\r\n]+|\s+(?!\S)|\s+",,2.503,2.473,2.53,2.41,2.39,2.428,2.556,2.544,2.567,3.011,2.987,3.035,2.804,2.791,2.817,2.748,2.732,2.767,2.777,2.758,2.796,2.858,2.839,2.876,2.672,2.654,2.69,1.241,1.231,1.25,216717,85.53,84.22,51.29,U+093E DEVANAGARI VOWEL SIGN AA 22.0%; U+0947 DEVANAGARI VOWEL SIGN E 15.4%; U+094D DEVANAGARI SIGN VIRAMA 12.9%; U+093F DEVANAGARI VOWEL SIGN I 12.3%; U+094B DEVANAGARI VOWEL SIGN O 8.8%; U+0940 DEVANAGARI VOWEL SIGN II 8.0%; U+0948 DEVANAGARI VOWEL SIGN AI 3.7%; U+0941 DEVANAGARI VOWEL SIGN U 3.6%,True
google/gemma-3-4b-pt,262145,SentencePiece BPE (byte fallback),Split,Replace, ,,1.499,1.48,1.517,1.563,1.547,1.579,1.214,1.207,1.222,1.975,1.956,1.992,1.734,1.725,1.744,1.667,1.653,1.681,1.599,1.586,1.612,1.806,1.792,1.818,1.385,1.373,1.397,1.238,1.227,1.248,216717,0.0,0.0,9.58,none,False
mistralai/Mistral-Nemo-Base-2407,131072,byte-level BPE with regex,Sequence,none,[^\r\n\p{L}\p{N}]?[\p{Lu}\p{Lt}\p{Lm}\p{Lo}\p{M}]*[\p{Ll}\p{Lm}\p{Lo}\p{M}]+|[^\r\n\p{L}\p{N}]?[\p{Lu}\p{Lt}\p{Lm}\p{Lo}\p{M}]+[\p{Ll}\p{Lm}\p{Lo}\p{M}]*|\p{N}| ?[^\s\p{L}\p{N}]+[\r\n/]*|\s*[\r\n]+|\s+(?!\S)|\s+,,2.049,2.022,2.074,1.994,1.976,2.013,1.836,1.824,1.85,2.664,2.64,2.685,2.318,2.305,2.332,2.263,2.245,2.281,2.27,2.251,2.288,2.556,2.54,2.572,1.949,1.931,1.968,1.271,1.259,1.281,216717,6.79,0.0,29.25,U+002C COMMA 32.1%; U+0964 DEVANAGARI DANDA 22.6%; U+002E FULL STOP 13.6%; U+002D HYPHEN-MINUS 8.6%; U+0029 RIGHT PARENTHESIS 2.7%; U+0966 DEVANAGARI DIGIT ZERO 1.6%; U+0027 APOSTROPHE 1.4%; U+2019 RIGHT SINGLE QUOTATION MARK 1.2%,False
microsoft/phi-4,100352,byte-level BPE with regex,Sequence,none,"(?i:'s|'t|'re|'ve|'m|'ll|'d)|[^\r\n\p{L}\p{N}]?\p{L}+|\p{N}{1,3}| ?[^\s\p{L}\p{N}]+[\r\n]*|\s*[\r\n]+|\s+(?!\S)|\s+",,4.441,4.388,4.492,4.247,4.211,4.282,4.76,4.738,4.783,5.547,5.501,5.592,5.089,5.062,5.117,4.967,4.932,5.001,5.083,5.046,5.119,5.386,5.35,5.42,5.044,5.009,5.078,1.241,1.232,1.25,216717,85.53,84.22,60.62,U+093E DEVANAGARI VOWEL SIGN AA 22.0%; U+0947 DEVANAGARI VOWEL SIGN E 15.4%; U+094D DEVANAGARI SIGN VIRAMA 12.9%; U+093F DEVANAGARI VOWEL SIGN I 12.3%; U+094B DEVANAGARI VOWEL SIGN O 8.8%; U+0940 DEVANAGARI VOWEL SIGN II 8.0%; U+0948 DEVANAGARI VOWEL SIGN AI 3.7%; U+0941 DEVANAGARI VOWEL SIGN U 3.6%,True
allenai/Olmo-3-1025-7B,100278,byte-level BPE with regex,Sequence,none,"(?i:'s|'t|'re|'ve|'m|'ll|'d)|[^\r\n\p{L}\p{N}]?\p{L}+|\p{N}{1,3}| ?[^\s\p{L}\p{N}]+[\r\n]*|\s*[\r\n]+|\s+(?!\S)|\s+",,4.441,4.388,4.492,4.247,4.211,4.282,4.76,4.738,4.783,5.547,5.501,5.592,5.089,5.062,5.117,4.967,4.932,5.001,5.083,5.046,5.119,5.386,5.35,5.42,5.044,5.009,5.078,1.241,1.232,1.25,216717,85.53,84.22,60.62,U+093E DEVANAGARI VOWEL SIGN AA 22.0%; U+0947 DEVANAGARI VOWEL SIGN E 15.4%; U+094D DEVANAGARI SIGN VIRAMA 12.9%; U+093F DEVANAGARI VOWEL SIGN I 12.3%; U+094B DEVANAGARI VOWEL SIGN O 8.8%; U+0940 DEVANAGARI VOWEL SIGN II 8.0%; U+0948 DEVANAGARI VOWEL SIGN AI 3.7%; U+0941 DEVANAGARI VOWEL SIGN U 3.6%,True
deepseek-ai/DeepSeek-V3,128815,byte-level BPE with regex,Sequence,Sequence,"\p{N}{1,3} || [一-龥぀-ゟ゠-ヿ]+ || [!""#$%&'()*+,\-./:;<=>?@\[\\\]^_`{|}~][A-Za-z]+|[^
\p{L}\p{P}\p{S}]?[\p{L}\p{M}]+| ?[\p{P}\p{S}]+[
]*|\s*[
]+|\s+(?!\S)|\s+",,2.738,2.707,2.768,2.62,2.599,2.64,2.744,2.73,2.758,3.529,3.501,3.555,3.213,3.196,3.229,3.07,3.048,3.092,3.114,3.092,3.135,3.43,3.408,3.45,2.947,2.924,2.968,1.235,1.225,1.244,216717,6.73,0.0,38.35,U+002C COMMA 30.2%; U+0964 DEVANAGARI DANDA 21.3%; U+002E FULL STOP 12.8%; U+002D HYPHEN-MINUS 8.1%; U+0029 RIGHT PARENTHESIS 2.5%; U+0938 DEVANAGARI LETTER SA 1.6%; U+092A DEVANAGARI LETTER PA 1.4%; U+0027 APOSTROPHE 1.3%,False
HuggingFaceTB/SmolLM3-3B,128256,byte-level BPE with regex,Sequence,none,"(?i:'s|'t|'re|'ve|'m|'ll|'d)|[^\r\n\p{L}\p{N}]?\p{L}+|\p{N}{1,3}| ?[^\s\p{L}\p{N}]+[\r\n]*|\s*[\r\n]+|\s+(?!\S)|\s+",,2.503,2.473,2.53,2.41,2.39,2.428,2.556,2.544,2.567,3.011,2.987,3.035,2.804,2.791,2.817,2.748,2.732,2.767,2.777,2.758,2.796,2.858,2.839,2.876,2.672,2.654,2.69,1.241,1.231,1.25,216717,85.53,84.22,51.29,U+093E DEVANAGARI VOWEL SIGN AA 22.0%; U+0947 DEVANAGARI VOWEL SIGN E 15.4%; U+094D DEVANAGARI SIGN VIRAMA 12.9%; U+093F DEVANAGARI VOWEL SIGN I 12.3%; U+094B DEVANAGARI VOWEL SIGN O 8.8%; U+0940 DEVANAGARI VOWEL SIGN II 8.0%; U+0948 DEVANAGARI VOWEL SIGN AI 3.7%; U+0941 DEVANAGARI VOWEL SIGN U 3.6%,True
xlm-roberta-base,250002,SentencePiece unigram,Sequence,Precompiled,,AutoTokenizer pre-tokenizer differs from repo tokenizer.json,1.632,1.613,1.651,1.676,1.661,1.692,1.305,1.296,1.314,2.045,2.026,2.061,1.866,1.855,1.876,1.76,1.746,1.776,1.725,1.709,1.738,1.961,1.947,1.975,1.491,1.477,1.503,1.4,1.389,1.411,216717,0.0,0.0,11.4,none,False
google/mt5-base,250100,SentencePiece unigram,Sequence,Precompiled,,no tokenizer.json to compare,2.029,2.011,2.049,2.019,2.005,2.034,1.943,1.934,1.952,2.436,2.419,2.453,2.234,2.225,2.244,2.15,2.137,2.163,2.171,2.159,2.184,2.382,2.369,2.393,2.086,2.073,2.098,1.543,1.531,1.554,216717,0.0,0.0,19.25,none,False
ai4bharat/IndicBERTv2-MLM-only,250000,WordPiece,Whitespace,none,,,1.307,1.292,1.322,1.373,1.361,1.386,1.083,1.078,1.088,1.516,1.502,1.53,1.483,1.476,1.491,1.469,1.459,1.479,1.405,1.395,1.415,1.355,1.345,1.363,1.237,1.228,1.245,1.236,1.227,1.245,216717,6.63,0.0,8.61,U+002C COMMA 30.8%; U+0964 DEVANAGARI DANDA 21.8%; U+002E FULL STOP 13.1%; U+002D HYPHEN-MINUS 8.3%; U+0029 RIGHT PARENTHESIS 2.6%; U+0938 DEVANAGARI LETTER SA 1.6%; U+092A DEVANAGARI LETTER PA 1.4%; U+0027 APOSTROPHE 1.4%,False
tiktoken o200k_base,200019,tiktoken (BPE over bytes with regex),regex,none,"[^\r\n\p{L}\p{N}]?[\p{Lu}\p{Lt}\p{Lm}\p{Lo}\p{M}]*[\p{Ll}\p{Lm}\p{Lo}\p{M}]+(?i:'s|'t|'re|'ve|'m|'ll|'d)?|[^\r\n\p{L}\p{N}]?[\p{Lu}\p{Lt}\p{Lm}\p{Lo}\p{M}]+[\p{Ll}\p{Lm}\p{Lo}\p{M}]*(?i:'s|'t|'re|'ve|'m|'ll|'d)?|\p{N}{1,3}| ?[^\s\p{L}\p{N}]+[\r\n/]*|\s*[\r\n]+|\s+(?!\S)|\s+",,1.681,1.659,1.705,1.697,1.682,1.713,1.477,1.467,1.488,2.108,2.086,2.13,1.957,1.945,1.97,1.859,1.843,1.876,1.842,1.826,1.858,1.92,1.904,1.935,1.648,1.632,1.663,1.227,1.218,1.236,216717,6.71,0.0,22.34,U+002C COMMA 33.5%; U+0964 DEVANAGARI DANDA 23.6%; U+002E FULL STOP 14.2%; U+002D HYPHEN-MINUS 9.0%; U+0029 RIGHT PARENTHESIS 2.8%; U+0027 APOSTROPHE 1.5%; U+2019 RIGHT SINGLE QUOTATION MARK 1.3%; U+0022 QUOTATION MARK 0.9%,False
