lang,source,split,sentences
bho,ud_bho_bhtb-ud-test,test,268
bho,fineweb2,test,1738
bho,fineweb2,dev,1006
bho,fineweb2,tok_train,405159
mai,fineweb2,test,2011
mai,fineweb2,dev,1004
mai,fineweb2,tok_train,815470
mag,ud_mag_mgtb-ud-test,test,551
mag,fineweb2,test,1462
mag,fineweb2,dev,1128
mag,fineweb2,tok_train,15652
ang,angikamt,test,1492
ang,angikamt,dev,747
ang,angikamt,tok_train,5221
hin,ud_hi_hdtb-ud-train,tok_train,13295
hin,ud_hi_hdtb-ud-dev,dev,1654
hin,ud_hi_hdtb-ud-test,test,1683
hin,fineweb2,test,318
hin,fineweb2,tok_train,494768
