test_set,N_MB,actual_MB,unique_pretokens,n_sents,n_words,fertility,fert_lo,fert_hi,pct_one_token,one_lo,one_hi,MB_bho,MB_mai,MB_mag
Bhojpuri (BHTB),0,0.0,0,357.0,6660.0,4.0721,4.0257,4.1162,6.6817,5.8324,7.5377,,,
Magahi (MGTB),0,0.0,0,551.0,7702.0,3.8378,3.8061,3.8668,3.181,2.7905,3.5808,,,
Hindi (HDTB),0,0.0,0,1684.0,34917.0,4.4207,4.4011,4.4414,0.6759,0.5813,0.7737,,,
Maithili (web),0,0.0,0,2011.0,30623.0,5.0993,5.0565,5.1418,2.0703,1.8656,2.2824,,,
Angika (MT),0,0.0,0,1492.0,42318.0,4.789,4.765,4.814,11.4159,11.0632,11.7777,,,
English (2k),0,0.0,0,2000.0,43838.0,1.3127,1.3026,1.3229,80.2044,79.7842,80.65,,,
Bhojpuri (BHTB),0.25,0.25,8086,357.0,6660.0,1.4243,1.4049,1.4443,70.5706,69.5168,71.6158,0.08,0.16,0.0
Magahi (MGTB),0.25,0.25,8086,551.0,7702.0,1.4686,1.4544,1.4829,66.3204,65.3957,67.328,0.08,0.16,0.0
Hindi (HDTB),0.25,0.25,8086,1684.0,34917.0,1.6215,1.6111,1.6322,61.5631,61.0569,62.0371,0.08,0.16,0.0
Maithili (web),0.25,0.25,8086,2011.0,30623.0,1.7926,1.7712,1.8134,54.4493,53.5856,55.2711,0.08,0.16,0.0
Angika (MT),0.25,0.25,8086,1492.0,42318.0,1.9137,1.9023,1.9267,44.3027,43.777,44.8045,0.08,0.16,0.0
English (2k),0.25,0.25,8086,2000.0,43838.0,1.3127,1.3026,1.3229,80.2044,79.7842,80.65,0.08,0.16,0.0
Bhojpuri (BHTB),0.5,0.5,13421,357.0,6660.0,1.3688,1.35,1.3876,74.9099,73.8079,75.9315,0.17,0.32,0.01
Magahi (MGTB),0.5,0.5,13421,551.0,7702.0,1.4274,1.4129,1.4419,68.9691,68.0338,69.9233,0.17,0.32,0.01
Hindi (HDTB),0.5,0.5,13421,1684.0,34917.0,1.5486,1.5386,1.5586,65.2003,64.6693,65.7045,0.17,0.32,0.01
Maithili (web),0.5,0.5,13421,2011.0,30623.0,1.7195,1.6996,1.7403,58.7565,57.8994,59.634,0.17,0.32,0.01
Angika (MT),0.5,0.5,13421,1492.0,42318.0,1.8621,1.8502,1.8743,46.6019,46.051,47.1096,0.17,0.32,0.01
English (2k),0.5,0.5,13421,2000.0,43838.0,1.3127,1.3026,1.3229,80.2044,79.7842,80.65,0.17,0.32,0.01
Bhojpuri (BHTB),1,1.0,22032,357.0,6660.0,1.3392,1.3204,1.3583,76.2462,75.1662,77.3122,0.34,0.64,0.01
Magahi (MGTB),1,1.0,22032,551.0,7702.0,1.4015,1.3878,1.4151,69.852,68.9786,70.7746,0.34,0.64,0.01
Hindi (HDTB),1,1.0,22032,1684.0,34917.0,1.5071,1.4978,1.5173,66.0337,65.4918,66.5391,0.34,0.64,0.01
Maithili (web),1,1.0,22032,2011.0,30623.0,1.6789,1.6592,1.6989,59.8015,58.9164,60.6682,0.34,0.64,0.01
Angika (MT),1,1.0,22032,1492.0,42318.0,1.8369,1.8238,1.8494,47.9796,47.4273,48.5036,0.34,0.64,0.01
English (2k),1,1.0,22032,2000.0,43838.0,1.3127,1.3026,1.3229,80.2044,79.7842,80.65,0.34,0.64,0.01
Bhojpuri (BHTB),2,2.0,35556,357.0,6660.0,1.3165,1.2983,1.336,77.3123,76.2889,78.3339,0.69,1.29,0.03
Magahi (MGTB),2,2.0,35556,551.0,7702.0,1.3859,1.373,1.3983,71.2932,70.4132,72.1792,0.69,1.29,0.03
Hindi (HDTB),2,2.0,35556,1684.0,34917.0,1.4791,1.4696,1.4885,67.7664,67.258,68.2707,0.69,1.29,0.03
Maithili (web),2,2.0,35556,2011.0,30623.0,1.6576,1.6381,1.6778,60.853,60.0533,61.7351,0.69,1.29,0.03
Angika (MT),2,2.0,35556,1492.0,42318.0,1.8008,1.7886,1.8129,48.5538,47.9709,49.0766,0.69,1.29,0.03
English (2k),2,2.0,35556,2000.0,43838.0,1.3127,1.3026,1.3229,80.2044,79.7842,80.65,0.69,1.29,0.03
Bhojpuri (BHTB),5,5.0,66634,357.0,6660.0,1.3129,1.2957,1.331,77.4775,76.4766,78.4725,1.72,3.21,0.07
Magahi (MGTB),5,5.0,66634,551.0,7702.0,1.3835,1.3708,1.3957,70.9686,70.0665,71.8216,1.72,3.21,0.07
Hindi (HDTB),5,5.0,66634,1684.0,34917.0,1.4609,1.4514,1.4702,69.1583,68.6493,69.6507,1.72,3.21,0.07
Maithili (web),5,5.0,66634,2011.0,30623.0,1.6399,1.6196,1.6589,61.6497,60.8057,62.5427,1.72,3.21,0.07
Angika (MT),5,5.0,66634,1492.0,42318.0,1.7885,1.7761,1.801,49.4021,48.7986,49.9548,1.72,3.21,0.07
English (2k),5,5.0,66634,2000.0,43838.0,1.3127,1.3026,1.3229,80.2044,79.7842,80.65,1.72,3.21,0.07
Bhojpuri (BHTB),10,10.0,105345,357.0,6660.0,1.3063,1.2893,1.3248,77.7177,76.7013,78.6823,3.44,6.41,0.15
Magahi (MGTB),10,10.0,105345,551.0,7702.0,1.3796,1.3665,1.3922,71.5009,70.571,72.3851,3.44,6.41,0.15
Hindi (HDTB),10,10.0,105345,1684.0,34917.0,1.4601,1.4506,1.4697,69.1411,68.6386,69.643,3.44,6.41,0.15
Maithili (web),10,10.0,105345,2011.0,30623.0,1.639,1.6189,1.6585,61.6236,60.8075,62.483,3.44,6.41,0.15
Angika (MT),10,10.0,105345,1492.0,42318.0,1.7887,1.7764,1.8009,49.3383,48.7823,49.8828,3.44,6.41,0.15
English (2k),10,10.0,105345,2000.0,43838.0,1.3127,1.3026,1.3229,80.2044,79.7842,80.65,3.44,6.41,0.15
Bhojpuri (BHTB),all,250.58,768482,357.0,6660.0,1.3041,1.2877,1.3216,77.7928,76.7895,78.7583,85.7,161.12,3.76
Magahi (MGTB),all,250.58,768482,551.0,7702.0,1.3698,1.3568,1.3828,72.1111,71.1978,73.0083,85.7,161.12,3.76
Hindi (HDTB),all,250.58,768482,1684.0,34917.0,1.4518,1.4425,1.4615,69.9086,69.3911,70.4093,85.7,161.12,3.76
Maithili (web),all,250.58,768482,2011.0,30623.0,1.6343,1.6144,1.6537,62.0873,61.2545,62.9244,85.7,161.12,3.76
Angika (MT),all,250.58,768482,1492.0,42318.0,1.7769,1.7651,1.7889,50.5411,49.9834,51.0461,85.7,161.12,3.76
English (2k),all,250.58,768482,2000.0,43838.0,1.3127,1.3026,1.3229,80.2044,79.7842,80.65,85.7,161.12,3.76
