test_set,variant,K,n_sents,n_words,fertility,fert_lo,fert_hi,pct_one_token,one_lo,one_hi
Bhojpuri (BHTB),a,0,357.0,6660.0,4.0721,4.0257,4.1162,6.6817,5.8324,7.5377
Magahi (MGTB),a,0,551.0,7702.0,3.8378,3.8061,3.8668,3.181,2.7905,3.5808
Hindi (HDTB),a,0,1684.0,34917.0,4.4207,4.4011,4.4414,0.6759,0.5813,0.7737
Maithili (web),a,0,2011.0,30623.0,5.0993,5.0565,5.1418,2.0703,1.8656,2.2824
Angika (MT),a,0,1492.0,42318.0,4.7893,4.7654,4.814,11.4159,11.0632,11.7777
English (2k),a,0,2000.0,43838.0,1.3127,1.3026,1.3229,80.2044,79.7842,80.65
Bhojpuri (BHTB),a,125,357.0,6660.0,2.9062,2.8656,2.9426,17.2222,16.3024,18.1485
Magahi (MGTB),a,125,551.0,7702.0,2.7194,2.6969,2.7412,16.5801,15.9469,17.2572
Hindi (HDTB),a,125,1684.0,34917.0,3.2568,3.2408,3.2738,7.9331,7.7425,8.1383
Maithili (web),a,125,2011.0,30623.0,3.5998,3.5656,3.6336,9.1206,8.7887,9.4779
Angika (MT),a,125,1492.0,42318.0,3.3959,3.3782,3.4143,16.0759,15.746,16.4377
English (2k),a,125,2000.0,43838.0,1.3127,1.3026,1.3229,80.2044,79.7842,80.65
Bhojpuri (BHTB),a,250,357.0,6660.0,2.6782,2.6436,2.7101,19.5646,18.6135,20.5653
Magahi (MGTB),a,250,551.0,7702.0,2.531,2.5084,2.5533,17.7616,17.0581,18.5028
Hindi (HDTB),a,250,1684.0,34917.0,3.0517,3.0372,3.0669,8.3885,8.1734,8.6058
Maithili (web),a,250,2011.0,30623.0,3.2963,3.2636,3.3271,10.4333,10.0436,10.8293
Angika (MT),a,250,1492.0,42318.0,3.144,3.1287,3.1613,16.4564,16.1264,16.8231
English (2k),a,250,2000.0,43838.0,1.3127,1.3026,1.3229,80.2044,79.7842,80.65
Bhojpuri (BHTB),a,500,357.0,6660.0,2.4691,2.4386,2.4983,21.8318,20.8175,22.8108
Magahi (MGTB),a,500,551.0,7702.0,2.3289,2.3088,2.3462,19.865,19.0929,20.7012
Hindi (HDTB),a,500,1684.0,34917.0,2.7795,2.7672,2.7926,10.5106,10.2748,10.7753
Maithili (web),a,500,2011.0,30623.0,3.0275,2.9994,3.0544,11.9257,11.5057,12.3715
Angika (MT),a,500,1492.0,42318.0,2.9334,2.9195,2.949,16.6265,16.2883,16.9979
English (2k),a,500,2000.0,43838.0,1.3127,1.3026,1.3229,80.2044,79.7842,80.65
Bhojpuri (BHTB),a,1000,357.0,6660.0,2.3407,2.3111,2.3687,23.2883,22.3411,24.3214
Magahi (MGTB),a,1000,551.0,7702.0,2.1953,2.1767,2.2124,23.1368,22.2891,23.9937
Hindi (HDTB),a,1000,1684.0,34917.0,2.62,2.609,2.6322,12.0056,11.7415,12.2925
Maithili (web),a,1000,2011.0,30623.0,2.8269,2.8002,2.8523,13.6237,13.1697,14.0803
Angika (MT),a,1000,1492.0,42318.0,2.7684,2.7559,2.7824,17.0046,16.6592,17.3704
English (2k),a,1000,2000.0,43838.0,1.3127,1.3026,1.3229,80.2044,79.7842,80.65
Bhojpuri (BHTB),a,2000,357.0,6660.0,2.2535,2.2255,2.28,23.994,23.0258,25.0464
Magahi (MGTB),a,2000,551.0,7702.0,2.1069,2.0879,2.1244,25.8245,24.8939,26.8306
Hindi (HDTB),a,2000,1684.0,34917.0,2.5208,2.5104,2.5322,12.7388,12.4628,13.0386
Maithili (web),a,2000,2011.0,30623.0,2.6943,2.6697,2.7176,14.6067,14.1571,15.0638
Angika (MT),a,2000,1492.0,42318.0,2.6787,2.6672,2.6913,17.2716,16.9271,17.657
English (2k),a,2000,2000.0,43838.0,1.3127,1.3026,1.3229,80.2044,79.7842,80.65
Bhojpuri (BHTB),a,4000,357.0,6660.0,2.2048,2.1777,2.2302,24.6246,23.6541,25.6302
Magahi (MGTB),a,4000,551.0,7702.0,2.0532,2.0348,2.0704,26.3438,25.405,27.3742
Hindi (HDTB),a,4000,1684.0,34917.0,2.4695,2.4589,2.4803,13.7469,13.4594,14.0556
Maithili (web),a,4000,2011.0,30623.0,2.6193,2.5957,2.6415,15.1128,14.6563,15.5749
Angika (MT),a,4000,1492.0,42318.0,2.6343,2.623,2.6466,17.4559,17.1112,17.8402
English (2k),a,4000,2000.0,43838.0,1.3127,1.3026,1.3229,80.2044,79.7842,80.65
Bhojpuri (BHTB),a,8000,357.0,6660.0,2.1799,2.1537,2.2043,25.015,24.0909,26.0106
Magahi (MGTB),a,8000,551.0,7702.0,2.0153,1.9962,2.031,27.3825,26.4081,28.4574
Hindi (HDTB),a,8000,1684.0,34917.0,2.4449,2.4339,2.4558,14.1593,13.8615,14.4868
Maithili (web),a,8000,2011.0,30623.0,2.5762,2.5535,2.5975,15.6549,15.1763,16.1275
Angika (MT),a,8000,1492.0,42318.0,2.6087,2.5974,2.6208,17.5694,17.2201,17.9513
English (2k),a,8000,2000.0,43838.0,1.3127,1.3026,1.3229,80.2044,79.7842,80.65
Bhojpuri (BHTB),a,16000,357.0,6660.0,2.1706,2.1434,2.1946,25.2703,24.3027,26.3113
Magahi (MGTB),a,16000,551.0,7702.0,1.9971,1.9788,2.0133,27.8889,26.9649,28.9631
Hindi (HDTB),a,16000,1684.0,34917.0,2.4342,2.4231,2.4448,14.2538,13.9529,14.578
Maithili (web),a,16000,2011.0,30623.0,2.5528,2.5301,2.5738,15.9227,15.4556,16.3813
Angika (MT),a,16000,1492.0,42318.0,2.5982,2.5873,2.6103,17.6237,17.2721,18.0078
English (2k),a,16000,2000.0,43838.0,1.3125,1.3025,1.3228,80.2044,79.7842,80.65
Bhojpuri (BHTB),a,32000,357.0,6660.0,2.1658,2.1388,2.1901,25.3303,24.3758,26.387
Magahi (MGTB),a,32000,551.0,7702.0,1.9883,1.9701,2.0045,28.1615,27.2296,29.2321
Hindi (HDTB),a,32000,1684.0,34917.0,2.4315,2.4208,2.442,14.2853,13.9788,14.6111
Maithili (web),a,32000,2011.0,30623.0,2.5432,2.5207,2.5643,16.0174,15.5354,16.476
Angika (MT),a,32000,1492.0,42318.0,2.5942,2.5831,2.6061,17.6284,17.2772,18.01
English (2k),a,32000,2000.0,43838.0,1.311,1.301,1.3211,80.2454,79.8274,80.6859
Bhojpuri (BHTB),b,0,357.0,6660.0,4.0721,4.0257,4.1162,6.6817,5.8324,7.5377
Magahi (MGTB),b,0,551.0,7702.0,3.8378,3.8061,3.8668,3.181,2.7905,3.5808
Hindi (HDTB),b,0,1684.0,34917.0,4.4207,4.4011,4.4414,0.6759,0.5813,0.7737
Maithili (web),b,0,2011.0,30623.0,5.0993,5.0565,5.1418,2.0703,1.8656,2.2824
Angika (MT),b,0,1492.0,42318.0,4.789,4.765,4.814,11.4159,11.0632,11.7777
English (2k),b,0,2000.0,43838.0,1.3127,1.3026,1.3229,80.2044,79.7842,80.65
Bhojpuri (BHTB),b,125,357.0,6660.0,2.7479,2.7056,2.785,31.3814,30.5355,32.2916
Magahi (MGTB),b,125,551.0,7702.0,2.5448,2.5235,2.5662,28.2914,27.6152,28.9598
Hindi (HDTB),b,125,1684.0,34917.0,3.1019,3.085,3.1204,21.4967,21.2273,21.7722
Maithili (web),b,125,2011.0,30623.0,3.5331,3.4966,3.569,13.3658,12.9325,13.7929
Angika (MT),b,125,1492.0,42318.0,3.3636,3.3449,3.3841,17.2598,16.8978,17.6217
English (2k),b,125,2000.0,43838.0,1.3127,1.3026,1.3229,80.2044,79.7842,80.65
Bhojpuri (BHTB),b,250,357.0,6660.0,2.441,2.4015,2.4758,38.4535,37.5261,39.5224
Magahi (MGTB),b,250,551.0,7702.0,2.2733,2.2523,2.2933,35.0948,34.2875,35.8258
Hindi (HDTB),b,250,1684.0,34917.0,2.8248,2.8092,2.8418,24.7558,24.4148,25.0717
Maithili (web),b,250,2011.0,30623.0,3.1691,3.1336,3.2018,19.2731,18.7737,19.8013
Angika (MT),b,250,1492.0,42318.0,3.0596,3.0411,3.0783,21.6764,21.25,22.1069
English (2k),b,250,2000.0,43838.0,1.3127,1.3026,1.3229,80.2044,79.7842,80.65
Bhojpuri (BHTB),b,500,357.0,6660.0,2.1405,2.1093,2.1699,44.9399,43.9752,46.024
Magahi (MGTB),b,500,551.0,7702.0,2.071,2.0505,2.0903,40.0286,39.2113,40.7627
Hindi (HDTB),b,500,1684.0,34917.0,2.5173,2.5038,2.5332,30.3978,30.0574,30.7163
Maithili (web),b,500,2011.0,30623.0,2.7845,2.7521,2.8156,26.134,25.5404,26.7524
Angika (MT),b,500,1492.0,42318.0,2.7778,2.762,2.795,23.8953,23.4543,24.3518
English (2k),b,500,2000.0,43838.0,1.3127,1.3026,1.3229,80.2044,79.7842,80.65
Bhojpuri (BHTB),b,1000,357.0,6660.0,1.87,1.8411,1.8969,52.0721,51.0718,53.1979
Magahi (MGTB),b,1000,551.0,7702.0,1.8417,1.8242,1.859,46.858,46.0308,47.6039
Hindi (HDTB),b,1000,1684.0,34917.0,2.1621,2.1502,2.1753,40.1667,39.7947,40.5281
Maithili (web),b,1000,2011.0,30623.0,2.4304,2.4035,2.458,33.3801,32.7176,34.0347
Angika (MT),b,1000,1492.0,42318.0,2.4831,2.4684,2.499,27.4848,26.9874,27.9711
English (2k),b,1000,2000.0,43838.0,1.3127,1.3026,1.3229,80.2044,79.7842,80.65
Bhojpuri (BHTB),b,2000,357.0,6660.0,1.6312,1.6069,1.6547,61.2162,60.1352,62.312
Magahi (MGTB),b,2000,551.0,7702.0,1.6337,1.6186,1.6496,56.362,55.5071,57.1988
Hindi (HDTB),b,2000,1684.0,34917.0,1.9047,1.8935,1.9169,47.61,47.1782,48.0344
Maithili (web),b,2000,2011.0,30623.0,2.127,2.1023,2.1513,42.0762,41.2727,42.8198
Angika (MT),b,2000,1492.0,42318.0,2.1498,2.1363,2.1641,38.3926,37.8425,38.8979
English (2k),b,2000,2000.0,43838.0,1.3127,1.3026,1.3229,80.2044,79.7842,80.65
Bhojpuri (BHTB),b,4000,357.0,6660.0,1.4416,1.4204,1.4631,70.5856,69.4604,71.6905
Magahi (MGTB),b,4000,551.0,7702.0,1.4604,1.446,1.4753,67.0216,66.0788,67.9372
Hindi (HDTB),b,4000,1684.0,34917.0,1.6409,1.6305,1.6516,60.1799,59.6933,60.6382
Maithili (web),b,4000,2011.0,30623.0,1.8573,1.8353,1.8793,52.3332,51.5558,53.1756
Angika (MT),b,4000,1492.0,42318.0,1.944,1.9321,1.9565,44.1018,43.5417,44.5702
English (2k),b,4000,2000.0,43838.0,1.3127,1.3026,1.3229,80.2044,79.7842,80.65
Bhojpuri (BHTB),b,8000,357.0,6660.0,1.2929,1.2765,1.3104,78.7387,77.697,79.7685
Magahi (MGTB),b,8000,551.0,7702.0,1.3304,1.3177,1.3427,75.2662,74.3768,76.1486
Hindi (HDTB),b,8000,1684.0,34917.0,1.4544,1.4452,1.4642,69.6222,69.1141,70.1148
Maithili (web),b,8000,2011.0,30623.0,1.655,1.6359,1.6745,60.9379,60.1212,61.7922
Angika (MT),b,8000,1492.0,42318.0,1.7693,1.757,1.7813,50.9452,50.4006,51.4537
English (2k),b,8000,2000.0,43838.0,1.3127,1.3026,1.3229,80.2044,79.7842,80.65
Bhojpuri (BHTB),b,16000,357.0,6660.0,1.1841,1.1707,1.1985,85.8258,84.8478,86.7232
Magahi (MGTB),b,16000,551.0,7702.0,1.2446,1.2334,1.2549,81.0958,80.3257,81.8457
Hindi (HDTB),b,16000,1684.0,34917.0,1.3041,1.2961,1.3125,78.2312,77.79,78.6864
Maithili (web),b,16000,2011.0,30623.0,1.5029,1.4856,1.5201,68.1449,67.3038,69.0173
Angika (MT),b,16000,1492.0,42318.0,1.6254,1.6146,1.6365,57.2948,56.7659,57.8161
English (2k),b,16000,2000.0,43838.0,1.3127,1.3026,1.3229,80.2044,79.7842,80.65
Bhojpuri (BHTB),b,32000,357.0,6660.0,1.1147,1.104,1.1261,90.7207,89.9177,91.4926
Magahi (MGTB),b,32000,551.0,7702.0,1.171,1.1619,1.1802,86.5749,85.861,87.2058
Hindi (HDTB),b,32000,1684.0,34917.0,1.2141,1.2072,1.2218,84.4488,84.0366,84.8479
Maithili (web),b,32000,2011.0,30623.0,1.3917,1.3764,1.4074,73.7485,72.9191,74.5924
Angika (MT),b,32000,1492.0,42318.0,1.4699,1.4609,1.4792,67.1227,66.66,67.5784
English (2k),b,32000,2000.0,43838.0,1.3127,1.3026,1.3229,80.2044,79.7842,80.65
Bhojpuri (BHTB),d,0,357.0,6660.0,4.0721,4.0257,4.1162,6.6817,5.8324,7.5377
Magahi (MGTB),d,0,551.0,7702.0,3.8378,3.8061,3.8668,3.181,2.7905,3.5808
Hindi (HDTB),d,0,1684.0,34917.0,4.4207,4.4011,4.4414,0.6759,0.5813,0.7737
Maithili (web),d,0,2011.0,30623.0,5.0993,5.0565,5.1418,2.0703,1.8656,2.2824
Angika (MT),d,0,1492.0,42318.0,4.789,4.765,4.814,11.4159,11.0632,11.7777
English (2k),d,0,2000.0,43838.0,1.3127,1.3026,1.3229,80.2044,79.7842,80.65
Bhojpuri (BHTB),d,125,357.0,6660.0,2.7479,2.7056,2.785,31.3814,30.5355,32.2916
Magahi (MGTB),d,125,551.0,7702.0,2.5448,2.5235,2.5662,28.2914,27.6152,28.9598
Hindi (HDTB),d,125,1684.0,34917.0,3.1019,3.085,3.1204,21.4967,21.2273,21.7722
Maithili (web),d,125,2011.0,30623.0,3.5331,3.4966,3.569,13.3658,12.9325,13.7929
Angika (MT),d,125,1492.0,42318.0,3.3636,3.3449,3.3841,17.2598,16.8978,17.6217
English (2k),d,125,2000.0,43838.0,1.3127,1.3026,1.3229,80.2044,79.7842,80.65
Bhojpuri (BHTB),d,250,357.0,6660.0,2.441,2.4015,2.4758,38.4535,37.5261,39.5224
Magahi (MGTB),d,250,551.0,7702.0,2.2733,2.2523,2.2933,35.0948,34.2875,35.8258
Hindi (HDTB),d,250,1684.0,34917.0,2.8248,2.8092,2.8418,24.7558,24.4148,25.0717
Maithili (web),d,250,2011.0,30623.0,3.1691,3.1336,3.2018,19.2731,18.7737,19.8013
Angika (MT),d,250,1492.0,42318.0,3.0596,3.0411,3.0783,21.6764,21.25,22.1069
English (2k),d,250,2000.0,43838.0,1.3127,1.3026,1.3229,80.2044,79.7842,80.65
Bhojpuri (BHTB),d,500,357.0,6660.0,2.1405,2.1093,2.1699,44.9399,43.9752,46.024
Magahi (MGTB),d,500,551.0,7702.0,2.071,2.0505,2.0903,40.0286,39.2113,40.7627
Hindi (HDTB),d,500,1684.0,34917.0,2.5173,2.5038,2.5332,30.3978,30.0574,30.7163
Maithili (web),d,500,2011.0,30623.0,2.7845,2.7521,2.8156,26.134,25.5404,26.7524
Angika (MT),d,500,1492.0,42318.0,2.7778,2.762,2.795,23.8953,23.4543,24.3518
English (2k),d,500,2000.0,43838.0,1.3127,1.3026,1.3229,80.2044,79.7842,80.65
Bhojpuri (BHTB),d,1000,357.0,6660.0,1.87,1.8411,1.8969,52.0721,51.0718,53.1979
Magahi (MGTB),d,1000,551.0,7702.0,1.8417,1.8242,1.859,46.858,46.0308,47.6039
Hindi (HDTB),d,1000,1684.0,34917.0,2.1621,2.1502,2.1753,40.1667,39.7947,40.5281
Maithili (web),d,1000,2011.0,30623.0,2.4304,2.4035,2.458,33.3801,32.7176,34.0347
Angika (MT),d,1000,1492.0,42318.0,2.4831,2.4684,2.499,27.4848,26.9874,27.9711
English (2k),d,1000,2000.0,43838.0,1.3127,1.3026,1.3229,80.2044,79.7842,80.65
Bhojpuri (BHTB),d,2000,357.0,6660.0,1.6312,1.6069,1.6547,61.2162,60.1352,62.312
Magahi (MGTB),d,2000,551.0,7702.0,1.6337,1.6186,1.6496,56.362,55.5071,57.1988
Hindi (HDTB),d,2000,1684.0,34917.0,1.9047,1.8935,1.9169,47.61,47.1782,48.0344
Maithili (web),d,2000,2011.0,30623.0,2.127,2.1023,2.1513,42.0762,41.2727,42.8198
Angika (MT),d,2000,1492.0,42318.0,2.1498,2.1363,2.1641,38.3926,37.8425,38.8979
English (2k),d,2000,2000.0,43838.0,1.3127,1.3026,1.3229,80.2044,79.7842,80.65
Bhojpuri (BHTB),d,4000,357.0,6660.0,1.4416,1.4204,1.4631,70.5856,69.4604,71.6905
Magahi (MGTB),d,4000,551.0,7702.0,1.4604,1.446,1.4753,67.0216,66.0788,67.9372
Hindi (HDTB),d,4000,1684.0,34917.0,1.6409,1.6305,1.6516,60.1799,59.6933,60.6382
Maithili (web),d,4000,2011.0,30623.0,1.8573,1.8353,1.8793,52.3332,51.5558,53.1756
Angika (MT),d,4000,1492.0,42318.0,1.944,1.9321,1.9565,44.1018,43.5417,44.5702
English (2k),d,4000,2000.0,43838.0,1.3127,1.3026,1.3229,80.2044,79.7842,80.65
Bhojpuri (BHTB),d,8000,357.0,6660.0,1.2926,1.2762,1.3099,78.7688,77.7131,79.7877
Magahi (MGTB),d,8000,551.0,7702.0,1.3304,1.3177,1.3427,75.2662,74.3768,76.1486
Hindi (HDTB),d,8000,1684.0,34917.0,1.4544,1.445,1.4641,69.6222,69.1141,70.1148
Maithili (web),d,8000,2011.0,30623.0,1.6548,1.6357,1.6743,60.9379,60.1212,61.7922
Angika (MT),d,8000,1492.0,42318.0,1.7686,1.7563,1.7807,50.9641,50.4151,51.4794
English (2k),d,8000,2000.0,43838.0,1.3127,1.3026,1.3229,80.2044,79.7842,80.65
Bhojpuri (BHTB),d,16000,357.0,6660.0,1.1836,1.1704,1.1981,85.8559,84.8968,86.752
Magahi (MGTB),d,16000,551.0,7702.0,1.2445,1.2332,1.2548,81.0958,80.3257,81.8457
Hindi (HDTB),d,16000,1684.0,34917.0,1.3038,1.2958,1.3122,78.2541,77.8224,78.7155
Maithili (web),d,16000,2011.0,30623.0,1.5027,1.4854,1.52,68.1481,67.304,69.0224
Angika (MT),d,16000,1492.0,42318.0,1.6249,1.6141,1.6359,57.2971,56.7683,57.8162
English (2k),d,16000,2000.0,43838.0,1.3127,1.3026,1.3229,80.2044,79.7842,80.65
Bhojpuri (BHTB),d,32000,357.0,6660.0,1.1147,1.104,1.1261,90.7207,89.9177,91.4926
Magahi (MGTB),d,32000,551.0,7702.0,1.1709,1.1618,1.1798,86.5879,85.8723,87.2156
Hindi (HDTB),d,32000,1684.0,34917.0,1.2141,1.2072,1.2218,84.4488,84.0366,84.8479
Maithili (web),d,32000,2011.0,30623.0,1.3917,1.3764,1.4074,73.7485,72.9191,74.5924
Angika (MT),d,32000,1492.0,42318.0,1.4698,1.4607,1.4791,67.1251,66.6632,67.5784
English (2k),d,32000,2000.0,43838.0,1.3127,1.3026,1.3229,80.2044,79.7842,80.65
Bhojpuri (BHTB),gemma3,-1,357.0,6660.0,1.4991,1.4803,1.5167,63.9189,62.7252,65.1426
Magahi (MGTB),gemma3,-1,551.0,7702.0,1.5631,1.5474,1.5785,58.8029,57.7828,59.77
Hindi (HDTB),gemma3,-1,1684.0,34917.0,1.2144,1.2065,1.2222,85.8207,85.4066,86.2521
Maithili (web),gemma3,-1,2011.0,30623.0,1.9751,1.9564,1.9925,40.672,39.9444,41.4577
Angika (MT),gemma3,-1,1492.0,42318.0,1.7343,1.7246,1.7443,50.2599,49.7715,50.6906
English (2k),gemma3,-1,2000.0,43838.0,1.2712,1.262,1.2804,82.5699,82.1519,82.9544
