test_set,held_out,tokenizer,MB,n_sents,n_words,fertility,fert_lo,fert_hi,pct_one_token,one_lo,one_hi
Bhojpuri (BHTB),bho,lolo,24.61,357.0,6660.0,1.4701,1.4507,1.4892,66.9069,65.7383,68.1063
Magahi (MGTB),bho,lolo,24.61,551.0,7702.0,1.3735,1.3611,1.3864,72.6824,71.802,73.4974
Hindi (HDTB),bho,lolo,24.61,1684.0,34917.0,1.5047,1.4953,1.5146,66.4089,65.916,66.8792
Maithili (web),bho,lolo,24.61,2011.0,30623.0,1.6287,1.6089,1.6483,62.489,61.6169,63.3459
Angika (MT),bho,lolo,24.61,1492.0,42318.0,1.7672,1.7546,1.7794,51.6376,51.1004,52.1568
English (2k),bho,lolo,24.61,2000.0,43838.0,1.3127,1.3026,1.3229,80.2044,79.7842,80.65
Bhojpuri (BHTB),mai,lolo,21.41,357.0,6660.0,1.2662,1.2491,1.2847,80.991,79.8657,82.0302
Magahi (MGTB),mai,lolo,21.41,551.0,7702.0,1.3199,1.3075,1.331,76.3178,75.4707,77.134
Hindi (HDTB),mai,lolo,21.41,1684.0,34917.0,1.4433,1.4341,1.4525,70.6475,70.143,71.1289
Maithili (web),mai,lolo,21.41,2011.0,30623.0,1.9596,1.9392,1.979,45.6356,44.8934,46.4711
Angika (MT),mai,lolo,21.41,1492.0,42318.0,1.8074,1.7966,1.8182,48.8232,48.4062,49.2352
English (2k),mai,lolo,21.41,2000.0,43838.0,1.3127,1.3026,1.3229,80.2044,79.7842,80.65
Bhojpuri (BHTB),mag,lolo,33.98,357.0,6660.0,1.2976,1.2805,1.316,78.4234,77.3673,79.415
Magahi (MGTB),mag,lolo,33.98,551.0,7702.0,1.3673,1.3548,1.3798,72.1111,71.2059,72.9755
Hindi (HDTB),mag,lolo,33.98,1684.0,34917.0,1.4557,1.4463,1.4653,69.3359,68.8263,69.8454
Maithili (web),mag,lolo,33.98,2011.0,30623.0,1.6457,1.6261,1.6658,61.4571,60.615,62.316
Angika (MT),mag,lolo,33.98,1492.0,42318.0,1.7783,1.7666,1.7906,50.0992,49.5445,50.6029
English (2k),mag,lolo,33.98,2000.0,43838.0,1.3127,1.3026,1.3229,80.2044,79.7842,80.65
