check,variant,K,lang,n,failures,failures_only_nfc,pct_sents_changed,fertility,base_fertility,token_change_pct
roundtrip,a,0,Bhojpuri (BHTB),357,0.0,0.0,,,,
roundtrip,a,0,Magahi (MGTB),551,0.0,0.0,,,,
roundtrip,a,0,Hindi (HDTB),1684,0.0,0.0,,,,
roundtrip,a,0,Maithili (web),2011,0.0,0.0,,,,
roundtrip,a,0,Angika (MT),1492,0.0,0.0,,,,
roundtrip,a,0,English (2k),2000,0.0,0.0,,,,
roundtrip,a,8000,Bhojpuri (BHTB),357,0.0,0.0,,,,
roundtrip,a,8000,Magahi (MGTB),551,0.0,0.0,,,,
roundtrip,a,8000,Hindi (HDTB),1684,0.0,0.0,,,,
roundtrip,a,8000,Maithili (web),2011,0.0,0.0,,,,
roundtrip,a,8000,Angika (MT),1492,0.0,0.0,,,,
roundtrip,a,8000,English (2k),2000,0.0,0.0,,,,
roundtrip,b,8000,Bhojpuri (BHTB),357,0.0,0.0,,,,
roundtrip,b,8000,Magahi (MGTB),551,0.0,0.0,,,,
roundtrip,b,8000,Hindi (HDTB),1684,0.0,0.0,,,,
roundtrip,b,8000,Maithili (web),2011,0.0,0.0,,,,
roundtrip,b,8000,Angika (MT),1492,0.0,0.0,,,,
roundtrip,b,8000,English (2k),2000,0.0,0.0,,,,
roundtrip,d,8000,Bhojpuri (BHTB),357,0.0,0.0,,,,
roundtrip,d,8000,Magahi (MGTB),551,0.0,0.0,,,,
roundtrip,d,8000,Hindi (HDTB),1684,0.0,0.0,,,,
roundtrip,d,8000,Maithili (web),2011,0.0,0.0,,,,
roundtrip,d,8000,Angika (MT),1492,0.0,0.0,,,,
roundtrip,d,8000,English (2k),2000,0.0,0.0,,,,
multiscript,a,0,eng_Latn,1012,,,0.0,1.2612,1.2612,0.0
multiscript,a,8000,eng_Latn,1012,,,0.0,1.2612,1.2612,0.0
multiscript,b,8000,eng_Latn,1012,,,0.0,1.2612,1.2612,0.0
multiscript,b,0,eng_Latn,1012,,,0.0,1.2612,1.2612,0.0
multiscript,d,8000,eng_Latn,1012,,,0.0,1.2612,1.2612,0.0
multiscript,d,0,eng_Latn,1012,,,0.0,1.2612,1.2612,0.0
multiscript,a,0,fra_Latn,1012,,,0.0,1.7037,1.7037,0.0
multiscript,a,8000,fra_Latn,1012,,,0.1,1.7036,1.7037,-0.002
multiscript,b,8000,fra_Latn,1012,,,0.0,1.7037,1.7037,0.0
multiscript,b,0,fra_Latn,1012,,,0.0,1.7037,1.7037,0.0
multiscript,d,8000,fra_Latn,1012,,,0.0,1.7037,1.7037,0.0
multiscript,d,0,fra_Latn,1012,,,0.0,1.7037,1.7037,0.0
multiscript,a,0,spa_Latn,1012,,,0.0,1.611,1.611,0.0
multiscript,a,8000,spa_Latn,1012,,,0.1,1.611,1.611,-0.002
multiscript,b,8000,spa_Latn,1012,,,0.0,1.611,1.611,0.0
multiscript,b,0,spa_Latn,1012,,,0.0,1.611,1.611,0.0
multiscript,d,8000,spa_Latn,1012,,,0.0,1.611,1.611,0.0
multiscript,d,0,spa_Latn,1012,,,0.0,1.611,1.611,0.0
multiscript,a,0,ben_Beng,1012,,,0.0,7.1165,7.1165,0.0
multiscript,a,8000,ben_Beng,1012,,,100.0,6.5866,7.1165,-7.445
multiscript,b,8000,ben_Beng,1012,,,90.42,6.985,7.1165,-1.847
multiscript,b,0,ben_Beng,1012,,,31.92,7.1165,7.1165,0.0
multiscript,d,8000,ben_Beng,1012,,,87.55,6.9905,7.1165,-1.77
multiscript,d,0,ben_Beng,1012,,,0.0,7.1165,7.1165,0.0
multiscript,a,0,tam_Taml,1012,,,0.0,10.0643,10.0643,0.0
multiscript,a,8000,tam_Taml,1012,,,100.0,8.2883,10.0643,-17.646
multiscript,b,8000,tam_Taml,1012,,,99.21,9.6584,10.0643,-4.033
multiscript,b,0,tam_Taml,1012,,,0.0,10.0643,10.0643,0.0
multiscript,d,8000,tam_Taml,1012,,,99.11,9.692,10.0643,-3.699
multiscript,d,0,tam_Taml,1012,,,0.0,10.0643,10.0643,0.0
multiscript,a,0,urd_Arab,1012,,,0.0,3.1447,3.1447,0.0
multiscript,a,8000,urd_Arab,1012,,,0.0,3.1447,3.1447,0.0
multiscript,b,8000,urd_Arab,1012,,,2.96,3.1436,3.1447,-0.034
multiscript,b,0,urd_Arab,1012,,,2.96,3.1436,3.1447,-0.034
multiscript,d,8000,urd_Arab,1012,,,0.0,3.1447,3.1447,0.0
multiscript,d,0,urd_Arab,1012,,,0.0,3.1447,3.1447,0.0
multiscript,a,0,tha_Thai,1012,,,0.0,16.3147,16.3147,0.0
multiscript,a,8000,tha_Thai,1012,,,0.0,16.3147,16.3147,0.0
multiscript,b,8000,tha_Thai,1012,,,100.0,9.2998,16.3147,-42.997
multiscript,b,0,tha_Thai,1012,,,100.0,9.2998,16.3147,-42.997
multiscript,d,8000,tha_Thai,1012,,,0.0,16.3147,16.3147,0.0
multiscript,d,0,tha_Thai,1012,,,0.0,16.3147,16.3147,0.0
multiscript,a,0,jpn_Jpan,1012,,,0.0,35.84,35.84,0.0
multiscript,a,8000,jpn_Jpan,1012,,,0.0,35.84,35.84,0.0
multiscript,b,8000,jpn_Jpan,1012,,,0.0,35.84,35.84,0.0
multiscript,b,0,jpn_Jpan,1012,,,0.0,35.84,35.84,0.0
multiscript,d,8000,jpn_Jpan,1012,,,0.0,35.84,35.84,0.0
multiscript,d,0,jpn_Jpan,1012,,,0.0,35.84,35.84,0.0
multiscript,a,0,arb_Arab,1012,,,0.0,2.2905,2.2905,0.0
multiscript,a,8000,arb_Arab,1012,,,0.0,2.2905,2.2905,0.0
multiscript,b,8000,arb_Arab,1012,,,28.56,2.272,2.2905,-0.807
multiscript,b,0,arb_Arab,1012,,,28.56,2.272,2.2905,-0.807
multiscript,d,8000,arb_Arab,1012,,,0.0,2.2905,2.2905,0.0
multiscript,d,0,arb_Arab,1012,,,0.0,2.2905,2.2905,0.0
multiscript,a,0,hin_Deva,1012,,,0.0,4.756,4.756,0.0
multiscript,a,8000,hin_Deva,1012,,,100.0,2.5603,4.756,-46.165
multiscript,b,8000,hin_Deva,1012,,,100.0,1.6697,4.756,-64.893
multiscript,b,0,hin_Deva,1012,,,21.34,4.7547,4.756,-0.027
multiscript,d,8000,hin_Deva,1012,,,100.0,1.6696,4.756,-64.895
multiscript,d,0,hin_Deva,1012,,,21.34,4.7547,4.756,-0.027
