what,script,count,pct
train_chars_bho,Devanagari,25909678,96.561
train_chars_bho,Latin/ASCII,784771,2.925
train_chars_bho,other,108833,0.406
train_chars_bho,Arabic,1934,0.007
train_chars_bho,Tamil,16620,0.062
train_chars_bho,Bengali,10633,0.04
train_chars_mai,Devanagari,49336413,97.278
train_chars_mai,Latin/ASCII,1190088,2.347
train_chars_mai,other,189581,0.374
train_chars_mai,Bengali,636,0.001
train_chars_mai,Tamil,235,0.0
train_chars_mai,Arabic,144,0.0
train_chars_mag,Latin/ASCII,62276,5.226
train_chars_mag,Devanagari,1128496,94.692
train_chars_mag,other,941,0.079
train_chars_mag,Bengali,18,0.002
train_chars_mag,Arabic,24,0.002
new_tokens_d_K8000_by_main_script,Devanagari,7929,99.11
new_tokens_d_K8000_by_main_script,Latin/ASCII,36,0.45
new_tokens_d_K8000_by_main_script,other,20,0.25
new_tokens_d_K8000_by_main_script,Tamil,9,0.11
new_tokens_d_K8000_by_main_script,Bengali,6,0.07
