variant,K,mix,test_set,mode,n_words,n_tokens,fertility,pct_words_split,chars_per_token,bytes_per_token,pct_tokens_mid_cluster
a,0,none,Bhojpuri (BHTB),context,6660,27120,4.0721,93.3183,1.0896,2.7779,52.9978
a,0,none,Bhojpuri (BHTB),alone,6660,23552,3.5363,85.2102,0.987,2.9311,43.0707
a,0,none,Magahi (MGTB),context,7702,29559,3.8378,96.819,1.0723,2.7152,49.1627
a,0,none,Magahi (MGTB),alone,7702,25281,3.2824,88.4835,0.9708,2.8918,37.6567
a,0,none,Hindi (HDTB),context,34917,154358,4.4207,99.3241,1.0882,2.8147,57.1924
a,0,none,Hindi (HDTB),alone,34917,137337,3.9332,94.1261,0.981,2.9215,47.422
a,0,none,Maithili (web),context,30623,156156,5.0993,97.9297,1.0551,2.7566,55.0014
a,0,none,Maithili (web),alone,30623,139187,4.5452,93.4298,0.9782,2.8872,44.6356
a,0,none,Angika (MT),context,42318,202672,4.7893,88.5841,1.0446,2.6811,60.514
a,0,none,Angika (MT),alone,42318,178657,4.2218,83.7161,0.9565,2.813,49.9751
a,0,none,English (2k),context,43838,57544,1.3127,19.7956,4.8729,4.879,0.0052
a,0,none,English (2k),alone,43838,66846,1.5248,34.1256,3.5689,3.5742,0.0015
a,8000,lowonly,Bhojpuri (BHTB),context,6660,14518,2.1799,74.985,2.0353,5.1892,52.1559
a,8000,lowonly,Bhojpuri (BHTB),alone,6660,14824,2.2258,77.1471,1.5681,4.6569,51.0793
a,8000,lowonly,Magahi (MGTB),context,7702,15522,2.0153,72.6175,2.0419,5.1707,46.8303
a,8000,lowonly,Magahi (MGTB),alone,7702,15964,2.0727,76.3438,1.5375,4.5796,45.54
a,8000,lowonly,Hindi (HDTB),context,34917,85370,2.4449,85.8407,1.9675,5.0892,55.2794
a,8000,lowonly,Hindi (HDTB),alone,34917,85911,2.4604,86.823,1.5683,4.6703,54.9313
a,8000,lowonly,Maithili (web),context,30623,78890,2.5762,84.3451,2.0885,5.4565,54.4759
a,8000,lowonly,Maithili (web),alone,30623,79861,2.6079,85.5827,1.7048,5.0319,53.811
a,8000,lowonly,Angika (MT),context,42318,110394,2.6087,82.4306,1.9178,4.9222,57.8501
a,8000,lowonly,Angika (MT),alone,42318,111081,2.6249,82.5937,1.5384,4.5242,57.4896
a,8000,lowonly,English (2k),context,43838,57544,1.3127,19.7956,4.8729,4.879,0.0052
a,8000,lowonly,English (2k),alone,43838,66846,1.5248,34.1256,3.5689,3.5742,0.0015
b,0,none,Bhojpuri (BHTB),context,6660,27120,4.0721,93.3183,1.0896,2.7779,53.0383
b,0,none,Bhojpuri (BHTB),alone,6660,23552,3.5363,85.2102,0.987,2.9311,43.1089
b,0,none,Magahi (MGTB),context,7702,29559,3.8378,96.819,1.0723,2.7152,49.1965
b,0,none,Magahi (MGTB),alone,7702,25281,3.2824,88.4835,0.9708,2.8918,37.6884
b,0,none,Hindi (HDTB),context,34917,154358,4.4207,99.3241,1.0882,2.8147,57.2487
b,0,none,Hindi (HDTB),alone,34917,137337,3.9332,94.1261,0.981,2.9215,47.465
b,0,none,Maithili (web),context,30623,156156,5.0993,97.9297,1.0551,2.7566,55.0328
b,0,none,Maithili (web),alone,30623,139187,4.5452,93.4298,0.9782,2.8872,44.6514
b,0,none,Angika (MT),context,42318,202662,4.789,88.5841,1.0447,2.6812,60.5792
b,0,none,Angika (MT),alone,42318,178647,4.2215,83.7161,0.9566,2.8131,50.0277
b,0,none,English (2k),context,43838,57544,1.3127,19.7956,4.8729,4.879,0.0052
b,0,none,English (2k),alone,43838,66846,1.5248,34.1256,3.5689,3.5742,0.0015
b,8000,lowonly,Bhojpuri (BHTB),context,6660,8611,1.2929,21.2613,3.4315,8.7489,11.2995
b,8000,lowonly,Bhojpuri (BHTB),alone,6660,11039,1.6575,46.3514,2.1058,6.2536,19.8569
b,8000,lowonly,Magahi (MGTB),context,7702,10247,1.3304,24.7338,3.0931,7.8324,9.9737
b,8000,lowonly,Magahi (MGTB),alone,7702,12487,1.6213,45.3389,1.9656,5.8547,16.5532
b,8000,lowonly,Hindi (HDTB),context,34917,50784,1.4544,30.3778,3.3075,8.5552,15.9086
b,8000,lowonly,Hindi (HDTB),alone,34917,64433,1.8453,56.7145,2.0911,6.2271,24.4487
b,8000,lowonly,Maithili (web),context,30623,50682,1.655,39.0621,3.2509,8.4935,15.7176
b,8000,lowonly,Maithili (web),alone,30623,64296,2.0996,65.0883,2.1176,6.2501,24.2239
b,8000,lowonly,Angika (MT),context,42318,74874,1.7693,49.0548,2.8276,7.2573,29.5229
b,8000,lowonly,Angika (MT),alone,42318,90054,2.128,68.4177,1.8976,5.5806,35.1211
b,8000,lowonly,English (2k),context,43838,57544,1.3127,19.7956,4.8729,4.879,0.0052
b,8000,lowonly,English (2k),alone,43838,66846,1.5248,34.1256,3.5689,3.5742,0.0015
c,0,none,Bhojpuri (BHTB),context,6660,27120,4.0721,93.3183,1.0896,2.7779,44.9853
c,0,none,Bhojpuri (BHTB),alone,6660,23552,3.5363,85.2102,0.987,2.9311,36.4725
c,0,none,Magahi (MGTB),context,7702,29559,3.8378,96.819,1.0723,2.7152,42.1158
c,0,none,Magahi (MGTB),alone,7702,25281,3.2824,88.4835,0.9708,2.8918,32.4829
c,0,none,Hindi (HDTB),context,34917,154358,4.4207,99.3241,1.0882,2.8147,48.4406
c,0,none,Hindi (HDTB),alone,34917,137337,3.9332,94.1261,0.981,2.9215,40.8222
c,0,none,Maithili (web),context,30623,156191,5.1004,97.9297,1.0549,2.756,45.5026
c,0,none,Maithili (web),alone,30623,139222,4.5463,93.4298,0.9779,2.8864,37.1206
c,0,none,Angika (MT),context,42318,202662,4.789,88.5841,1.0447,2.6812,51.8454
c,0,none,Angika (MT),alone,42318,178647,4.2215,83.7161,0.9566,2.8131,42.1143
c,0,none,English (2k),context,43838,57544,1.3127,19.7956,4.8729,4.879,0.0052
c,0,none,English (2k),alone,43838,66846,1.5248,34.1256,3.5689,3.5742,0.0015
c,8000,lowonly,Bhojpuri (BHTB),context,6660,14598,2.1919,66.6066,2.0242,5.1608,0.0069
c,8000,lowonly,Bhojpuri (BHTB),alone,6660,14590,2.1907,66.6066,1.5933,4.7316,0.0343
c,8000,lowonly,Magahi (MGTB),context,7702,16540,2.1475,69.2418,1.9163,4.8524,0.0423
c,8000,lowonly,Magahi (MGTB),alone,7702,16540,2.1475,69.2288,1.4839,4.4201,0.0423
c,8000,lowonly,Hindi (HDTB),context,34917,78003,2.234,68.4595,2.1533,5.5699,0.1192
c,8000,lowonly,Hindi (HDTB),alone,34917,77578,2.2218,68.3478,1.7367,5.172,0.1586
c,8000,lowonly,Maithili (web),context,30623,84099,2.7463,84.2177,1.9592,5.1186,0.132
c,8000,lowonly,Maithili (web),alone,30623,83694,2.733,83.9794,1.6268,4.8015,0.1553
c,8000,lowonly,Angika (MT),context,42318,97243,2.2979,67.3614,2.1772,5.5879,1.4633
c,8000,lowonly,Angika (MT),alone,42318,96875,2.2892,67.144,1.764,5.1877,1.4689
c,8000,lowonly,English (2k),context,43838,57532,1.3124,19.791,4.8739,4.88,0.0052
c,8000,lowonly,English (2k),alone,43838,66702,1.5216,34.0002,3.5766,3.5819,0.0015
