lang,split,pct_devanagari,pct_latin,pct_digit,pct_punct,pct_space,pct_joiner,pct_other,pct_outside_dev_latin_punct,top_other
bho,tok_train,77.527,0.446,0.423,2.249,19.185,0.0,0.169,0.169,GUJARATI:16845;TAMIL:16620;BENGALI:10633;Sm:3664;TELUGU:3069
bho,dev,77.031,0.874,0.275,2.335,19.373,0.0,0.112,0.112,Sm:82;Sk:1
bho,test,77.376,0.281,0.35,2.405,19.547,0.0,0.04,0.04,TAMIL:20;GUJARATI:17;BENGALI:16;Sm:8;Sc:2
mai,tok_train,79.298,0.313,0.487,2.681,17.192,0.0,0.029,0.029,Sm:6932;So:3529;CJK:3038;GUJARATI:1264;Sk:753
mai,dev,79.318,0.589,0.644,2.285,17.156,0.0,0.007,0.007,Sm:5;So:1
mai,test,79.109,0.192,0.521,2.797,17.366,0.0,0.015,0.015,So:11;Sm:9;Sk:4
mag,tok_train,75.134,1.638,0.225,3.359,19.629,0.0,0.014,0.014,CYRILLIC:47;Sm:29;ARABIC:24;GURMUKHI:21;BENGALI:18
mag,dev,76.173,1.178,0.244,3.276,19.127,0.0,0.002,0.002,Sm:1;So:1
mag,test,76.178,0.317,0.234,3.026,20.192,0.0,0.053,0.053,Sk:34;CYRILLIC:24;Cf:13;Sm:5
ang,tok_train,77.759,0.085,0.678,2.174,19.261,0.007,0.035,0.035,Cf:121;GREEK:43;Sm:35;So:26;CJK:11
ang,dev,77.925,0.076,0.599,2.124,19.22,0.004,0.052,0.052,Cf:21;CYRILLIC:20;Sm:11;So:1;GREEK:1
ang,test,77.599,0.132,0.705,2.23,19.284,0.005,0.045,0.045,GREEK:35;Cf:32;Sm:12;Sc:7;So:5
hin,tok_train,76.632,1.64,0.692,2.025,18.983,0.0,0.027,0.027,Sm:8235;Sc:1669;So:1649;ARABIC:680;Sk:193
hin,dev,78.079,0.0,0.756,1.508,19.613,0.043,0.0,0.0,
hin,test,77.905,0.14,0.693,1.624,19.636,0.0,0.002,0.002,Sc:2;Sm:2
