tokenizer,test_set,mode,n_words,n_tokens,fertility,pct_words_split,chars_per_token,bytes_per_token,pct_tokens_mid_cluster
Qwen3,Bhojpuri (BHTB),alone,6660,23552,3.5363,85.2102,0.987,2.9311,43.0707
Qwen3,Bhojpuri (BHTB),context,6660,27120,4.0721,93.3183,1.0896,2.7779,52.9978
Qwen3,Magahi (MGTB),alone,7702,25281,3.2824,88.4835,0.9708,2.8918,37.6567
Qwen3,Magahi (MGTB),context,7702,29559,3.8378,96.819,1.0723,2.7152,49.1627
Qwen3,Hindi (HDTB),alone,34917,137337,3.9332,94.1261,0.981,2.9215,47.422
Qwen3,Hindi (HDTB),context,34917,154358,4.4207,99.3241,1.0882,2.8147,57.1924
Qwen3,Maithili (web),alone,30623,139187,4.5452,93.4298,0.9782,2.8872,44.6356
Qwen3,Maithili (web),context,30623,156156,5.0993,97.9297,1.0551,2.7566,55.0014
Qwen3,Angika (MT),alone,42318,178657,4.2218,83.7161,0.9565,2.813,49.9751
Qwen3,Angika (MT),context,42318,202672,4.7893,88.5841,1.0446,2.6811,60.514
Gemma3,Bhojpuri (BHTB),alone,6660,11708,1.758,52.958,1.9855,5.8963,9.0536
Gemma3,Bhojpuri (BHTB),context,6660,9984,1.4991,36.0811,2.9596,7.5458,6.1298
Gemma3,Magahi (MGTB),alone,7702,13401,1.7399,52.5188,1.8315,5.4554,7.8949
Gemma3,Magahi (MGTB),context,7702,12039,1.5631,41.1971,2.6327,6.6666,5.6234
Gemma3,Hindi (HDTB),alone,34917,56088,1.6063,43.1595,2.4022,7.1536,9.7864
Gemma3,Hindi (HDTB),context,34917,42402,1.2144,14.1793,3.9613,10.2464,3.5777
Gemma3,Maithili (web),alone,30623,69456,2.2681,74.7771,1.9602,5.7857,11.6851
Gemma3,Maithili (web),context,30623,60485,1.9751,59.328,2.724,7.1169,10.0025
Gemma3,Angika (MT),alone,42318,85745,2.0262,66.5154,1.993,5.8611,21.024
Gemma3,Angika (MT),context,42318,73393,1.7343,49.7401,2.8847,7.4038,18.8587
Llama3.1,Bhojpuri (BHTB),alone,6660,17526,2.6315,82.2823,1.3264,3.9389,43.6209
Llama3.1,Bhojpuri (BHTB),context,6660,16667,2.5026,80.8408,1.7729,4.5201,45.9171
Llama3.1,Magahi (MGTB),alone,7702,19399,2.5187,84.4196,1.2652,3.7686,37.7597
Llama3.1,Magahi (MGTB),context,7702,18563,2.4102,81.6541,1.7074,4.3236,40.3652
Llama3.1,Hindi (HDTB),alone,34917,94693,2.7119,88.802,1.4228,4.2372,50.0164
Llama3.1,Hindi (HDTB),context,34917,89238,2.5557,86.6798,1.8822,4.8686,53.0548
Llama3.1,Maithili (web),alone,30623,96272,3.1438,91.0917,1.4142,4.1742,45.144
Llama3.1,Maithili (web),context,30623,92211,3.0112,89.5112,1.7868,4.6683,47.7134
Llama3.1,Angika (MT),alone,42318,123064,2.9081,83.2246,1.3886,4.0837,52.1932
Llama3.1,Angika (MT),context,42318,118646,2.8037,82.8914,1.7844,4.5799,54.8851
XLM-R,Bhojpuri (BHTB),alone,6660,10866,1.6315,44.6396,2.1393,6.3532,9.1662
XLM-R,Bhojpuri (BHTB),context,6660,10866,1.6315,44.6396,2.7194,6.9333,10.7491
XLM-R,Magahi (MGTB),alone,7702,12912,1.6764,45.9361,1.9009,5.662,8.0545
XLM-R,Magahi (MGTB),context,7702,12912,1.6764,45.9361,2.4547,6.2158,8.4108
XLM-R,Hindi (HDTB),alone,34917,45555,1.3047,19.2686,2.9576,8.8077,7.0662
XLM-R,Hindi (HDTB),context,34917,45555,1.3047,19.2686,3.6871,9.5372,7.0662
XLM-R,Maithili (web),alone,30623,62609,2.0445,63.1649,2.1746,6.4185,11.0687
XLM-R,Maithili (web),context,30623,62609,2.0445,63.1649,2.6316,6.8755,11.1006
XLM-R,Angika (MT),alone,42318,78953,1.8657,58.4432,2.1644,6.3653,18.0183
XLM-R,Angika (MT),context,42318,78953,1.8657,58.4432,2.6815,6.8824,20.2424
mBERT,Bhojpuri (BHTB),alone,6660,13879,2.0839,56.4114,1.6749,4.974,21.5145
mBERT,Bhojpuri (BHTB),context,6660,13879,2.0839,56.4114,2.129,5.4281,21.5145
mBERT,Magahi (MGTB),alone,7702,16017,2.0796,58.8678,1.5324,4.5644,17.2379
mBERT,Magahi (MGTB),context,7702,16017,2.0796,58.8678,1.9788,5.0109,17.2379
mBERT,Hindi (HDTB),alone,34917,64904,1.8588,38.7605,2.0759,6.1819,20.4194
mBERT,Hindi (HDTB),context,34917,64904,1.8588,38.7605,2.5879,6.694,20.4194
mBERT,Maithili (web),alone,30623,83617,2.7305,75.7796,1.6283,4.8059,24.1841
mBERT,Maithili (web),context,30623,83617,2.7305,75.7796,1.9704,5.1481,24.1841
mBERT,Angika (MT),alone,42318,103755,2.4518,72.5129,1.647,4.8437,36.0291
mBERT,Angika (MT),context,42318,103755,2.4518,72.5129,2.0405,5.2372,36.0291
IndicBERTv2,Bhojpuri (BHTB),alone,6660,8706,1.3072,26.0511,2.6701,7.9295,6.1222
IndicBERTv2,Bhojpuri (BHTB),context,6660,8706,1.3072,26.0511,3.3941,8.6535,6.1222
IndicBERTv2,Magahi (MGTB),alone,7702,10577,1.3733,30.5895,2.3205,6.912,5.9563
IndicBERTv2,Magahi (MGTB),context,7702,10577,1.3733,30.5895,2.9966,7.5881,5.9563
IndicBERTv2,Hindi (HDTB),alone,34917,37819,1.0831,6.5069,3.5626,10.6093,1.9382
IndicBERTv2,Hindi (HDTB),context,34917,37819,1.0831,6.5069,4.4413,11.488,1.9382
IndicBERTv2,Maithili (web),alone,30623,46433,1.5163,36.551,2.9322,8.6545,7.0553
IndicBERTv2,Maithili (web),context,30623,46433,1.5163,36.551,3.5484,9.2707,7.0553
IndicBERTv2,Angika (MT),alone,42318,62774,1.4834,38.7991,2.7223,8.0058,20.8765
IndicBERTv2,Angika (MT),context,42318,62774,1.4834,38.7991,3.3726,8.6562,20.8765
Bytes,Bhojpuri (BHTB),alone,6660,69034,10.3655,95.2703,0.3367,1.0,77.9428
Bytes,Bhojpuri (BHTB),context,6660,75337,11.3119,99.97,0.3922,1.0,71.4217
Bytes,Magahi (MGTB),alone,7702,73108,9.4921,97.3903,0.3357,1.0,76.9998
Bytes,Magahi (MGTB),context,7702,80259,10.4205,100.0,0.3949,1.0,70.1392
Bytes,Hindi (HDTB),alone,34917,401233,11.4911,99.2525,0.3358,1.0,79.2363
Bytes,Hindi (HDTB),context,34917,434466,12.4428,99.9914,0.3866,1.0,73.1753
Bytes,Maithili (web),alone,30623,401855,13.1227,99.2914,0.3388,1.0,77.2495
Bytes,Maithili (web),context,30623,430467,14.057,99.9086,0.3828,1.0,72.1152
Bytes,Angika (MT),alone,42318,502558,11.8758,93.244,0.34,1.0,79.1475
Bytes,Angika (MT),context,42318,543384,12.8405,99.9598,0.3896,1.0,73.2009
