tokenizer,lang,mode,n_sents,ours,published,diff
Qwen3,hin,context,1012,4.76,4.11,0.65
Qwen3,hin,alone,1012,4.27,4.11,0.16
Qwen3,hin,alone_space,1012,4.78,4.11,0.67
Qwen3,bho,context,1012,4.64,4.43,0.21
Qwen3,bho,alone,1012,4.1,4.43,-0.33
Qwen3,bho,alone_space,1012,4.66,4.43,0.23
Qwen3,mag,context,1012,4.62,4.9,-0.28
Qwen3,mag,alone,1012,4.14,4.9,-0.76
Qwen3,mag,alone_space,1012,4.65,4.9,-0.25
Gemma3,hin,context,1012,1.39,1.59,-0.2
Gemma3,hin,alone,1012,1.79,1.59,0.2
Gemma3,hin,alone_space,1012,1.37,1.59,-0.22
Gemma3,bho,context,1012,1.67,1.76,-0.09
Gemma3,bho,alone,1012,1.95,1.76,0.19
Gemma3,bho,alone_space,1012,1.66,1.76,-0.1
Gemma3,mag,context,1012,1.6,1.74,-0.14
Gemma3,mag,alone,1012,1.95,1.74,0.21
Gemma3,mag,alone_space,1012,1.59,1.74,-0.15
