mix,K,test_set,mode,n_words,n_tokens,fertility,pct_words_split,chars_per_token,bytes_per_token,pct_tokens_mid_cluster
base,0,Bhojpuri (BHTB),context,6660,27120,4.0721,93.3183,1.0896,2.7779,52.9978
base,0,Bhojpuri (BHTB),alone,6660,23552,3.5363,85.2102,0.987,2.9311,43.0707
base,0,Magahi (MGTB),context,7702,29559,3.8378,96.819,1.0723,2.7152,49.1627
base,0,Magahi (MGTB),alone,7702,25281,3.2824,88.4835,0.9708,2.8918,37.6567
base,0,Hindi (HDTB),context,34917,154358,4.4207,99.3241,1.0882,2.8147,57.1924
base,0,Hindi (HDTB),alone,34917,137337,3.9332,94.1261,0.981,2.9215,47.422
base,0,Maithili (web),context,30623,156156,5.0993,97.9297,1.0551,2.7566,55.0014
base,0,Maithili (web),alone,30623,139187,4.5452,93.4298,0.9782,2.8872,44.6356
base,0,Angika (MT),context,42318,202672,4.7893,88.5841,1.0446,2.6811,60.514
base,0,Angika (MT),alone,42318,178657,4.2218,83.7161,0.9565,2.813,49.9751
base,0,English (2k),context,43838,57544,1.3127,19.7956,4.8729,4.879,0.0052
base,0,English (2k),alone,43838,66846,1.5248,34.1256,3.5689,3.5742,0.0015
upsampled4,500,Bhojpuri (BHTB),context,6660,16517,2.48,78.7988,1.789,4.5612,46.437
upsampled4,500,Bhojpuri (BHTB),alone,6660,17566,2.6375,82.1021,1.3234,3.93,43.6127
upsampled4,500,Magahi (MGTB),context,7702,18040,2.3422,80.174,1.7569,4.4489,40.7373
upsampled4,500,Magahi (MGTB),alone,7702,19388,2.5173,85.4583,1.2659,3.7708,37.7656
upsampled4,500,Hindi (HDTB),context,34917,94985,2.7203,87.9715,1.7683,4.574,50.1742
upsampled4,500,Hindi (HDTB),alone,34917,99858,2.8599,91.1103,1.3492,4.018,47.5565
upsampled4,500,Maithili (web),context,30623,93066,3.0391,88.3552,1.7704,4.6254,46.9506
upsampled4,500,Maithili (web),alone,30623,98680,3.2224,91.6697,1.3797,4.0723,44.1204
upsampled4,500,Angika (MT),context,42318,123728,2.9238,83.3451,1.7111,4.3918,52.794
upsampled4,500,Angika (MT),alone,42318,129095,3.0506,83.5507,1.3237,3.8929,49.8795
upsampled4,500,English (2k),context,43838,57544,1.3127,19.7956,4.8729,4.879,0.0052
upsampled4,500,English (2k),alone,43838,66846,1.5248,34.1256,3.5689,3.5742,0.0015
upsampled4,1000,Bhojpuri (BHTB),context,6660,15608,2.3435,76.7568,1.8932,4.8268,48.6353
upsampled4,1000,Bhojpuri (BHTB),alone,6660,16526,2.4814,80.5706,1.4066,4.1773,45.9095
upsampled4,1000,Magahi (MGTB),context,7702,16977,2.2042,77.2656,1.8669,4.7275,42.9228
upsampled4,1000,Magahi (MGTB),alone,7702,18012,2.3386,82.9395,1.3626,4.0588,40.4342
upsampled4,1000,Hindi (HDTB),context,34917,89931,2.5756,86.7973,1.8677,4.8311,52.5414
upsampled4,1000,Hindi (HDTB),alone,34917,93923,2.6899,88.6273,1.4345,4.2719,50.2912
upsampled4,1000,Maithili (web),context,30623,86822,2.8352,86.5003,1.8977,4.958,49.7789
upsampled4,1000,Maithili (web),alone,30623,91973,3.0034,89.8606,1.4803,4.3693,46.9246
upsampled4,1000,Angika (MT),context,42318,116636,2.7562,82.9245,1.8152,4.6588,54.8458
upsampled4,1000,Angika (MT),alone,42318,120692,2.852,83.3853,1.4159,4.164,52.9911
upsampled4,1000,English (2k),context,43838,57544,1.3127,19.7956,4.8729,4.879,0.0052
upsampled4,1000,English (2k),alone,43838,66846,1.5248,34.1256,3.5689,3.5742,0.0015
upsampled4,2000,Bhojpuri (BHTB),context,6660,15050,2.2598,76.006,1.9634,5.0058,50.3588
upsampled4,2000,Bhojpuri (BHTB),alone,6660,15763,2.3668,79.0691,1.4747,4.3795,48.0809
upsampled4,2000,Magahi (MGTB),context,7702,16302,2.1166,74.63,1.9442,4.9233,44.6019
upsampled4,2000,Magahi (MGTB),alone,7702,17170,2.2293,79.7325,1.4295,4.2579,42.3471
upsampled4,2000,Hindi (HDTB),context,34917,87013,2.492,86.2417,1.9304,4.9931,54.2482
upsampled4,2000,Hindi (HDTB),alone,34917,89684,2.5685,87.7051,1.5023,4.4739,52.6326
upsampled4,2000,Maithili (web),context,30623,82730,2.7016,85.4162,1.9916,5.2033,52.0851
upsampled4,2000,Maithili (web),alone,30623,86767,2.8334,88.6066,1.5692,4.6314,49.6421
upsampled4,2000,Angika (MT),context,42318,113070,2.6719,82.7284,1.8724,4.8057,56.5039
upsampled4,2000,Angika (MT),alone,42318,115478,2.7288,83.1277,1.4798,4.352,55.3231
upsampled4,2000,English (2k),context,43838,57544,1.3127,19.7956,4.8729,4.879,0.0052
upsampled4,2000,English (2k),alone,43838,66846,1.5248,34.1256,3.5689,3.5742,0.0015
upsampled4,4000,Bhojpuri (BHTB),context,6660,14677,2.2038,75.3604,2.0133,5.133,51.6114
upsampled4,4000,Bhojpuri (BHTB),alone,6660,15198,2.282,78.3333,1.5295,4.5423,49.8421
upsampled4,4000,Magahi (MGTB),context,7702,15814,2.0532,73.3576,2.0042,5.0752,45.9719
upsampled4,4000,Magahi (MGTB),alone,7702,16430,2.1332,78.538,1.4939,4.4497,44.2483
upsampled4,4000,Hindi (HDTB),context,34917,85670,2.4535,85.918,1.9606,5.0714,55.0858
upsampled4,4000,Hindi (HDTB),alone,34917,87089,2.4942,87.3357,1.5471,4.6072,54.1882
upsampled4,4000,Maithili (web),context,30623,80278,2.6215,84.9068,2.0524,5.3622,53.5564
upsampled4,4000,Maithili (web),alone,30623,82312,2.6879,87.2449,1.6541,4.8821,52.2269
upsampled4,4000,Angika (MT),context,42318,111285,2.6297,82.5015,1.9024,4.8828,57.3869
upsampled4,4000,Angika (MT),alone,42318,112893,2.6677,82.8205,1.5137,4.4516,56.5668
upsampled4,4000,English (2k),context,43838,57544,1.3127,19.7956,4.8729,4.879,0.0052
upsampled4,4000,English (2k),alone,43838,66846,1.5248,34.1256,3.5689,3.5742,0.0015
upsampled4,8000,Bhojpuri (BHTB),context,6660,14517,2.1797,74.955,2.0355,5.1896,52.1595
upsampled4,8000,Bhojpuri (BHTB),alone,6660,14838,2.2279,77.1922,1.5667,4.6525,51.0311
upsampled4,8000,Magahi (MGTB),context,7702,15557,2.0199,72.9291,2.0373,5.159,46.7249
upsampled4,8000,Magahi (MGTB),alone,7702,15974,2.074,76.4347,1.5365,4.5767,45.5052
upsampled4,8000,Hindi (HDTB),context,34917,85127,2.438,85.7405,1.9731,5.1037,55.4372
upsampled4,8000,Hindi (HDTB),alone,34917,85585,2.4511,86.7142,1.5743,4.6881,55.1405
upsampled4,8000,Maithili (web),context,30623,78929,2.5774,84.4137,2.0875,5.4539,54.4489
upsampled4,8000,Maithili (web),alone,30623,79935,2.6103,85.7787,1.7033,5.0273,53.7587
upsampled4,8000,Angika (MT),context,42318,110271,2.6058,82.4236,1.9199,4.9277,57.9146
upsampled4,8000,Angika (MT),alone,42318,110740,2.6169,82.5937,1.5431,4.5382,57.6666
upsampled4,8000,English (2k),context,43838,57544,1.3127,19.7956,4.8729,4.879,0.0052
upsampled4,8000,English (2k),alone,43838,66846,1.5248,34.1256,3.5689,3.5742,0.0015
upsampled4,16000,Bhojpuri (BHTB),context,6660,14462,2.1715,74.7748,2.0432,5.2093,52.351
upsampled4,16000,Bhojpuri (BHTB),alone,6660,14564,2.1868,75.7057,1.5961,4.74,51.9843
upsampled4,16000,Magahi (MGTB),context,7702,15391,1.9983,72.1371,2.0593,5.2147,47.2289
upsampled4,16000,Magahi (MGTB),alone,7702,15645,2.0313,74.5391,1.5688,4.6729,46.4621
upsampled4,16000,Hindi (HDTB),context,34917,84905,2.4316,85.6975,1.9783,5.1171,55.5809
upsampled4,16000,Hindi (HDTB),alone,34917,84821,2.4292,86.1042,1.5884,4.7303,55.636
upsampled4,16000,Maithili (web),context,30623,78223,2.5544,84.11,2.1063,5.5031,54.9327
upsampled4,16000,Maithili (web),alone,30623,78491,2.5631,84.7435,1.7346,5.1198,54.7439
upsampled4,16000,Angika (MT),context,42318,109842,2.5956,82.3692,1.9274,4.947,58.1308
upsampled4,16000,Angika (MT),alone,42318,109976,2.5988,82.4141,1.5539,4.5697,58.0572
upsampled4,16000,English (2k),context,43838,57537,1.3125,19.7956,4.8735,4.8796,0.0052
upsampled4,16000,English (2k),alone,43838,66708,1.5217,34.039,3.5763,3.5816,0.0015
upsampled4,32000,Bhojpuri (BHTB),context,6660,14437,2.1677,74.6997,2.0468,5.2183,52.4416
upsampled4,32000,Bhojpuri (BHTB),alone,6660,14509,2.1785,75.4354,1.6022,4.758,52.1814
upsampled4,32000,Magahi (MGTB),context,7702,15314,1.9883,71.8385,2.0697,5.2409,47.4664
upsampled4,32000,Magahi (MGTB),alone,7702,15539,2.0175,74.1885,1.5795,4.7048,46.7791
upsampled4,32000,Hindi (HDTB),context,34917,84855,2.4302,85.6717,1.9794,5.1201,55.6137
upsampled4,32000,Hindi (HDTB),alone,34917,84582,2.4224,85.7233,1.5929,4.7437,55.7932
upsampled4,32000,Maithili (web),context,30623,77963,2.5459,83.999,2.1133,5.5214,55.1133
upsampled4,32000,Maithili (web),alone,30623,78021,2.5478,84.3647,1.7451,5.1506,55.0711
upsampled4,32000,Angika (MT),context,42318,109724,2.5928,82.3408,1.9295,4.9523,58.1924
upsampled4,32000,Angika (MT),alone,42318,109730,2.593,82.3361,1.5573,4.58,58.1865
upsampled4,32000,English (2k),context,43838,57457,1.3107,19.7568,4.8803,4.8864,0.0052
upsampled4,32000,English (2k),alone,43838,66261,1.5115,33.5508,3.6004,3.6058,0.0015
hin_only,8000,Bhojpuri (BHTB),context,6660,15230,2.2868,78.1081,1.9402,4.9466,49.7177
hin_only,8000,Bhojpuri (BHTB),alone,6660,15398,2.312,78.994,1.5097,4.4833,49.1752
hin_only,8000,Magahi (MGTB),context,7702,16475,2.1391,77.772,1.9238,4.8716,44.1214
hin_only,8000,Magahi (MGTB),alone,7702,16892,2.1932,80.5375,1.453,4.328,43.0381
hin_only,8000,Hindi (HDTB),context,34917,84978,2.4337,85.7061,1.9766,5.1127,55.5344
hin_only,8000,Hindi (HDTB),alone,34917,85059,2.436,86.1615,1.584,4.7171,55.4815
hin_only,8000,Maithili (web),context,30623,82155,2.6828,87.64,2.0055,5.2397,52.3559
hin_only,8000,Maithili (web),alone,30623,83152,2.7153,88.2768,1.6374,4.8328,51.7246
hin_only,8000,Angika (MT),context,42318,110851,2.6195,82.4023,1.9099,4.9019,57.6016
hin_only,8000,Angika (MT),alone,42318,111470,2.6341,82.5275,1.533,4.5085,57.2791
hin_only,8000,English (2k),context,43838,57538,1.3125,19.7956,4.8734,4.8795,0.0052
hin_only,8000,English (2k),alone,43838,66828,1.5244,34.1165,3.5699,3.5752,0.0015
natural4,8000,Bhojpuri (BHTB),context,6660,14522,2.1805,74.955,2.0348,5.1878,52.1416
natural4,8000,Bhojpuri (BHTB),alone,6660,14864,2.2318,77.4174,1.5639,4.6444,50.9419
natural4,8000,Magahi (MGTB),context,7702,15587,2.0238,72.9291,2.0334,5.1491,46.635
natural4,8000,Magahi (MGTB),alone,7702,16010,2.0787,76.3957,1.533,4.5664,45.4029
natural4,8000,Hindi (HDTB),context,34917,85140,2.4384,85.7577,1.9728,5.103,55.4287
natural4,8000,Hindi (HDTB),alone,34917,85582,2.451,86.7056,1.5743,4.6883,55.1424
natural4,8000,Maithili (web),context,30623,78858,2.5751,84.3614,2.0894,5.4588,54.498
natural4,8000,Maithili (web),alone,30623,79764,2.6047,85.6284,1.7069,5.038,53.8739
natural4,8000,Angika (MT),context,42318,110256,2.6054,82.4212,1.9202,4.9284,57.9134
natural4,8000,Angika (MT),alone,42318,111009,2.6232,82.5606,1.5394,4.5272,57.5179
natural4,8000,English (2k),context,43838,57544,1.3127,19.7956,4.8729,4.879,0.0052
natural4,8000,English (2k),alone,43838,66846,1.5248,34.1256,3.5689,3.5742,0.0015
lowonly,8000,Bhojpuri (BHTB),context,6660,14518,2.1799,74.985,2.0353,5.1892,52.1559
lowonly,8000,Bhojpuri (BHTB),alone,6660,14824,2.2258,77.1471,1.5681,4.6569,51.0793
lowonly,8000,Magahi (MGTB),context,7702,15522,2.0153,72.6175,2.0419,5.1707,46.8303
lowonly,8000,Magahi (MGTB),alone,7702,15964,2.0727,76.3438,1.5375,4.5796,45.54
lowonly,8000,Hindi (HDTB),context,34917,85370,2.4449,85.8407,1.9675,5.0892,55.2794
lowonly,8000,Hindi (HDTB),alone,34917,85911,2.4604,86.823,1.5683,4.6703,54.9313
lowonly,8000,Maithili (web),context,30623,78890,2.5762,84.3451,2.0885,5.4565,54.4759
lowonly,8000,Maithili (web),alone,30623,79861,2.6079,85.5827,1.7048,5.0319,53.811
lowonly,8000,Angika (MT),context,42318,110394,2.6087,82.4306,1.9178,4.9222,57.8501
lowonly,8000,Angika (MT),alone,42318,111081,2.6249,82.5937,1.5384,4.5242,57.4896
lowonly,8000,English (2k),context,43838,57544,1.3127,19.7956,4.8729,4.879,0.0052
lowonly,8000,English (2k),alone,43838,66846,1.5248,34.1256,3.5689,3.5742,0.0015
