arm,split,lang,bpb,n_sents,n_dropped,bytes,tokens
A,dev,bho,1.3649492728807258,300,0,55981,20142
A,dev,mai,1.3509096476187212,300,0,61934,22408
A,dev,mag,1.3898851786779916,300,0,57064,20380
A,dev,hin,0.7749406730761788,300,0,71221,25372
A,dev,en,1.2625612882883572,300,0,32892,7629
A,test,bho,1.3257229527246068,2006,0,404929,145681
A,test,mai,1.3908764320012104,2005,6,418809,151967
A,test,mag,1.4595945417316352,2013,0,368874,133417
A,test,ang,1.2617770654537654,1492,0,543384,202672
A,test,hin,0.7563584756083899,2001,0,514753,182985
A,test,en,1.01512542054261,2000,0,280759,57544
B,dev,bho,1.6247577704682712,300,0,55981,6686
B,dev,mai,1.6636637828967424,300,0,61934,7362
B,dev,mag,1.6331341131476378,300,0,57064,6778
B,dev,hin,1.6102273140648677,300,0,71221,8626
B,dev,en,1.2633672447937792,300,0,32892,7629
B,test,bho,1.5821593924368265,2006,0,404929,47236
B,test,mai,1.6528669329858479,2005,6,418809,49266
B,test,mag,1.67210778585829,2013,0,368874,45211
B,test,ang,1.8861581859131729,1492,0,543384,74843
B,test,hin,1.5868401632608735,2001,0,514753,60694
B,test,en,1.015659353347878,2000,0,280759,57544
C,dev,bho,1.083786101457051,300,0,55981,6686
C,dev,mai,1.0733606005162089,300,0,61934,7362
C,dev,mag,1.0435917338474658,300,0,57064,6778
C,dev,hin,0.9752228476794981,300,0,71221,8626
C,dev,en,1.264113919634474,300,0,32892,7629
C,test,bho,1.0167311367438683,2006,0,404929,47236
C,test,mai,1.0755074617713056,2005,6,418809,49266
C,test,mag,1.098539134856141,2013,0,368874,45211
C,test,ang,1.35510921614485,1492,0,543384,74843
C,test,hin,0.9393166306900389,2001,0,514753,60694
C,test,en,1.0162796617689192,2000,0,280759,57544
