arm,seed,test,acc,n_words,n_sents
A,0,BHTB,0.44321081042289734,6665,357
A,0,MGTB,0.4080332815647125,7693,550
A,1,BHTB,0.4445611536502838,6665,357
A,1,MGTB,0.40062394738197327,7693,550
A,2,BHTB,0.44186046719551086,6665,357
A,2,MGTB,0.41154295206069946,7693,550
B,0,BHTB,0.5185296535491943,6665,357
B,0,MGTB,0.48264655470848083,7693,550
B,1,BHTB,0.5146286487579346,6665,357
B,1,MGTB,0.47770699858665466,7693,550
B,2,BHTB,0.5167291760444641,6665,357
B,2,MGTB,0.4921357035636902,7693,550
C,0,BHTB,0.5813953280448914,6665,357
C,0,MGTB,0.5777980089187622,7693,550
C,1,BHTB,0.5921980738639832,6665,357
C,1,MGTB,0.5858572721481323,7693,550
C,2,BHTB,0.5935483574867249,6665,357
C,2,MGTB,0.5841674208641052,7693,550
