run,step,loss,lr,elapsed_s
trial_lr0.0002,0,8.9824,1e-05,4.1
trial_lr0.0002,25,6.5309,0.00019659258262890683,107.9
trial_lr0.0002,50,6.925,0.00018660254037844386,211.7
trial_lr0.0002,75,6.2527,0.00017071067811865476,315.4
trial_lr0.0002,100,6.0931,0.00015000000000000001,419.3
trial_lr0.0002,125,6.7794,0.0001258819045102521,523.0
trial_lr0.0002,150,5.649,0.0001,626.9
trial_lr0.0002,175,6.5307,7.411809548974794e-05,730.7
trial_lr0.0002,200,6.2064,4.999999999999998e-05,834.6
trial_lr0.0002,225,5.4527,2.9289321881345254e-05,938.3
trial_lr0.0002,250,5.5403,1.3397459621556153e-05,1042.0
trial_lr0.0002,275,6.7328,3.4074173710931687e-06,1145.8
trial_lr0.0002,299,5.1732,5.483063448785686e-09,1245.5
trial_lr0.001,0,8.9824,5e-05,4.1
trial_lr0.001,25,6.449,0.0009829629131445341,107.9
trial_lr0.001,50,6.6332,0.0009330127018922194,211.8
trial_lr0.001,75,5.8897,0.0008535533905932737,315.7
trial_lr0.001,100,5.733,0.00075,419.4
trial_lr0.001,125,6.1479,0.0006294095225512604,523.3
trial_lr0.001,150,5.1423,0.0005,627.2
trial_lr0.001,175,5.8048,0.0003705904774487397,731.2
trial_lr0.001,200,5.5293,0.0002499999999999999,835.0
trial_lr0.001,225,4.9213,0.00014644660940672628,938.8
trial_lr0.001,250,4.9559,6.698729810778076e-05,1042.6
trial_lr0.001,275,5.9459,1.7037086855465843e-05,1146.5
trial_lr0.001,299,4.6896,2.741531724392843e-08,1246.2
full,0,8.9824,5e-05,4.1
full,25,6.4654,0.0009938195239178375,107.9
full,50,6.6336,0.0009754308888097583,211.6
full,75,5.8826,0.0009452886967536389,315.6
full,100,5.7031,0.0009041381201377467,419.5
full,125,6.1358,0.0008529964795802485,523.4
full,150,5.136,0.0007931280938262169,627.2
full,175,5.8009,0.0007260130233805739,731.1
full,200,5.5157,0.0006533104805938872,835.0
full,225,4.9019,0.0005768178107733793,938.8
full,250,4.8994,0.0004984260583841952,1042.8
full,275,5.8419,0.000420073216829056,1146.7
full,300,5.6262,0.0003436963175607657,1250.5
full,325,4.9359,0.00027118354297595395,1354.4
full,350,5.5794,0.00020432754695051135,1458.3
full,375,5.4304,0.0001447811370219757,1562.2
full,400,5.5851,9.401641383971466e-05,1666.0
full,425,4.9558,5.328837803351083e-05,1769.8
full,450,4.061,2.3603904208058746e-05,1873.7
full,475,4.6819,5.696849085317646e-06,1977.5
full,498,5.1574,9.90916883986115e-09,2073.1
